Date,Close,High,Low,Open,Volume
2019-01-02,,,,,
2019-01-03,,,,,
2019-01-04,,,,,
2019-01-07,,,,,
2019-01-08,,,,,
2019-01-09,,,,,
2019-01-10,,,,,
2019-01-11,,,,,
2019-01-14,,,,,
2019-01-15,,,,,
2019-01-16,,,,,
2019-01-17,,,,,
2019-01-18,,,,,
2019-01-22,,,,,
2019-01-23,,,,,
2019-01-24,,,,,
2019-01-25,,,,,
2019-01-28,,,,,
2019-01-29,,,,,
2019-01-30,,,,,
2019-01-31,,,,,
2019-02-01,,,,,
2019-02-04,,,,,
2019-02-05,,,,,
2019-02-06,,,,,
2019-02-07,,,,,
2019-02-08,,,,,
2019-02-11,,,,,
2019-02-12,,,,,
2019-02-13,,,,,
2019-02-14,,,,,
2019-02-15,,,,,
2019-02-19,,,,,
2019-02-20,,,,,
2019-02-21,,,,,
2019-02-22,,,,,
2019-02-25,,,,,
2019-02-26,,,,,
2019-02-27,,,,,
2019-02-28,,,,,
2019-03-01,,,,,
2019-03-04,,,,,
2019-03-05,,,,,
2019-03-06,,,,,
2019-03-07,,,,,
2019-03-08,,,,,
2019-03-11,,,,,
2019-03-12,,,,,
2019-03-13,,,,,
2019-03-14,,,,,
2019-03-15,,,,,
2019-03-18,,,,,
2019-03-19,,,,,
2019-03-20,,,,,
2019-03-21,,,,,
2019-03-22,,,,,
2019-03-25,,,,,
2019-03-26,,,,,
2019-03-27,,,,,
2019-03-28,,,,,
2019-03-29,,,,,
2019-04-01,,,,,
2019-04-02,,,,,
2019-04-03,,,,,
2019-04-04,,,,,
2019-04-05,,,,,
2019-04-08,,,,,
2019-04-09,,,,,
2019-04-10,,,,,
2019-04-11,,,,,
2019-04-12,,,,,
2019-04-15,,,,,
2019-04-16,,,,,
2019-04-17,,,,,
2019-04-18,,,,,
2019-04-22,,,,,
2019-04-23,,,,,
2019-04-24,,,,,
2019-04-25,,,,,
2019-04-26,,,,,
2019-04-29,,,,,
2019-04-30,,,,,
2019-05-01,,,,,
2019-05-02,,,,,
2019-05-03,,,,,
2019-05-06,,,,,
2019-05-07,,,,,
2019-05-08,,,,,
2019-05-09,,,,,
2019-05-10,,,,,
2019-05-13,,,,,
2019-05-14,,,,,
2019-05-15,,,,,
2019-05-16,,,,,
2019-05-17,,,,,
2019-05-20,,,,,
2019-05-21,,,,,
2019-05-22,,,,,
2019-05-23,,,,,
2019-05-24,,,,,
2019-05-28,,,,,
2019-05-29,,,,,
2019-05-30,,,,,
2019-05-31,,,,,
2019-06-03,,,,,
2019-06-04,,,,,
2019-06-05,,,,,
2019-06-06,,,,,
2019-06-07,,,,,
2019-06-10,,,,,
2019-06-11,,,,,
2019-06-12,,,,,
2019-06-13,,,,,
2019-06-14,,,,,
2019-06-17,,,,,
2019-06-18,,,,,
2019-06-19,,,,,
2019-06-20,,,,,
2019-06-21,,,,,
2019-06-24,,,,,
2019-06-25,,,,,
2019-06-26,,,,,
2019-06-27,,,,,
2019-06-28,,,,,
2019-07-01,,,,,
2019-07-02,,,,,
2019-07-03,,,,,
2019-07-05,,,,,
2019-07-08,,,,,
2019-07-09,,,,,
2019-07-10,,,,,
2019-07-11,,,,,
2019-07-12,,,,,
2019-07-15,,,,,
2019-07-16,,,,,
2019-07-17,,,,,
2019-07-18,,,,,
2019-07-19,,,,,
2019-07-22,,,,,
2019-07-23,,,,,
2019-07-24,,,,,
2019-07-25,,,,,
2019-07-26,,,,,
2019-07-29,,,,,
2019-07-30,,,,,
2019-07-31,,,,,
2019-08-01,,,,,
2019-08-02,,,,,
2019-08-05,,,,,
2019-08-06,,,,,
2019-08-07,,,,,
2019-08-08,,,,,
2019-08-09,,,,,
2019-08-12,,,,,
2019-08-13,,,,,
2019-08-14,,,,,
2019-08-15,,,,,
2019-08-16,,,,,
2019-08-19,,,,,
2019-08-20,,,,,
2019-08-21,,,,,
2019-08-22,,,,,
2019-08-23,,,,,
2019-08-26,,,,,
2019-08-27,,,,,
2019-08-28,,,,,
2019-08-29,,,,,
2019-08-30,,,,,
2019-09-03,,,,,
2019-09-04,,,,,
2019-09-05,,,,,
2019-09-06,,,,,
2019-09-09,,,,,
2019-09-10,,,,,
2019-09-11,,,,,
2019-09-12,,,,,
2019-09-13,,,,,
2019-09-16,,,,,
2019-09-17,,,,,
2019-09-18,,,,,
2019-09-19,,,,,
2019-09-20,,,,,
2019-09-23,,,,,
2019-09-24,,,,,
2019-09-25,,,,,
2019-09-26,,,,,
2019-09-27,,,,,
2019-09-30,,,,,
2019-10-01,,,,,
2019-10-02,,,,,
2019-10-03,,,,,
2019-10-04,,,,,
2019-10-07,,,,,
2019-10-08,,,,,
2019-10-09,,,,,
2019-10-10,,,,,
2019-10-11,,,,,
2019-10-14,,,,,
2019-10-15,,,,,
2019-10-16,,,,,
2019-10-17,,,,,
2019-10-18,,,,,
2019-10-21,,,,,
2019-10-22,,,,,
2019-10-23,,,,,
2019-10-24,,,,,
2019-10-25,,,,,
2019-10-28,,,,,
2019-10-29,,,,,
2019-10-30,,,,,
2019-10-31,,,,,
2019-11-01,,,,,
2019-11-04,,,,,
2019-11-05,,,,,
2019-11-06,,,,,
2019-11-07,,,,,
2019-11-08,,,,,
2019-11-11,,,,,
2019-11-12,,,,,
2019-11-13,,,,,
2019-11-14,,,,,
2019-11-15,,,,,
2019-11-18,,,,,
2019-11-19,,,,,
2019-11-20,,,,,
2019-11-21,,,,,
2019-11-22,,,,,
2019-11-25,,,,,
2019-11-26,,,,,
2019-11-27,,,,,
2019-11-29,,,,,
2019-12-02,,,,,
2019-12-03,,,,,
2019-12-04,,,,,
2019-12-05,,,,,
2019-12-06,,,,,
2019-12-09,,,,,
2019-12-10,,,,,
2019-12-11,,,,,
2019-12-12,,,,,
2019-12-13,,,,,
2019-12-16,,,,,
2019-12-17,,,,,
2019-12-18,,,,,
2019-12-19,,,,,
2019-12-20,,,,,
2019-12-23,,,,,
2019-12-24,,,,,
2019-12-26,,,,,
2019-12-27,,,,,
2019-12-30,,,,,
2019-12-31,,,,,
2020-01-02,,,,,
2020-01-03,,,,,
2020-01-06,,,,,
2020-01-07,,,,,
2020-01-08,,,,,
2020-01-09,,,,,
2020-01-10,,,,,
2020-01-13,,,,,
2020-01-14,,,,,
2020-01-15,,,,,
2020-01-16,,,,,
2020-01-17,,,,,
2020-01-21,,,,,
2020-01-22,,,,,
2020-01-23,,,,,
2020-01-24,,,,,
2020-01-27,,,,,
2020-01-28,,,,,
2020-01-29,,,,,
2020-01-30,,,,,
2020-01-31,,,,,
2020-02-03,,,,,
2020-02-04,,,,,
2020-02-05,,,,,
2020-02-06,,,,,
2020-02-07,,,,,
2020-02-10,,,,,
2020-02-11,,,,,
2020-02-12,,,,,
2020-02-13,,,,,
2020-02-14,,,,,
2020-02-18,,,,,
2020-02-19,,,,,
2020-02-20,,,,,
2020-02-21,,,,,
2020-02-24,,,,,
2020-02-25,,,,,
2020-02-26,,,,,
2020-02-27,,,,,
2020-02-28,,,,,
2020-03-02,,,,,
2020-03-03,,,,,
2020-03-04,,,,,
2020-03-05,,,,,
2020-03-06,,,,,
2020-03-09,,,,,
2020-03-10,,,,,
2020-03-11,,,,,
2020-03-12,,,,,
2020-03-13,,,,,
2020-03-16,,,,,
2020-03-17,,,,,
2020-03-18,,,,,
2020-03-19,,,,,
2020-03-20,,,,,
2020-03-23,,,,,
2020-03-24,,,,,
2020-03-25,,,,,
2020-03-26,,,,,
2020-03-27,,,,,
2020-03-30,,,,,
2020-03-31,,,,,
2020-04-01,,,,,
2020-04-02,,,,,
2020-04-03,,,,,
2020-04-06,,,,,
2020-04-07,,,,,
2020-04-08,,,,,
2020-04-09,,,,,
2020-04-13,,,,,
2020-04-14,,,,,
2020-04-15,,,,,
2020-04-16,,,,,
2020-04-17,,,,,
2020-04-20,,,,,
2020-04-21,,,,,
2020-04-22,,,,,
2020-04-23,,,,,
2020-04-24,,,,,
2020-04-27,,,,,
2020-04-28,,,,,
2020-04-29,,,,,
2020-04-30,,,,,
2020-05-01,,,,,
2020-05-04,,,,,
2020-05-05,,,,,
2020-05-06,,,,,
2020-05-07,,,,,
2020-05-08,,,,,
2020-05-11,,,,,
2020-05-12,,,,,
2020-05-13,,,,,
2020-05-14,,,,,
2020-05-15,,,,,
2020-05-18,,,,,
2020-05-19,,,,,
2020-05-20,,,,,
2020-05-21,,,,,
2020-05-22,,,,,
2020-05-26,,,,,
2020-05-27,,,,,
2020-05-28,,,,,
2020-05-29,,,,,
2020-06-01,,,,,
2020-06-02,,,,,
2020-06-03,,,,,
2020-06-04,,,,,
2020-06-05,,,,,
2020-06-08,,,,,
2020-06-09,,,,,
2020-06-10,,,,,
2020-06-11,,,,,
2020-06-12,,,,,
2020-06-15,,,,,
2020-06-16,,,,,
2020-06-17,,,,,
2020-06-18,,,,,
2020-06-19,,,,,
2020-06-22,,,,,
2020-06-23,,,,,
2020-06-24,,,,,
2020-06-25,,,,,
2020-06-26,,,,,
2020-06-29,,,,,
2020-06-30,,,,,
2020-07-01,,,,,
2020-07-02,,,,,
2020-07-06,,,,,
2020-07-07,,,,,
2020-07-08,,,,,
2020-07-09,,,,,
2020-07-10,,,,,
2020-07-13,,,,,
2020-07-14,,,,,
2020-07-15,,,,,
2020-07-16,,,,,
2020-07-17,,,,,
2020-07-20,,,,,
2020-07-21,,,,,
2020-07-22,,,,,
2020-07-23,,,,,
2020-07-24,,,,,
2020-07-27,,,,,
2020-07-28,,,,,
2020-07-29,,,,,
2020-07-30,,,,,
2020-07-31,,,,,
2020-08-03,,,,,
2020-08-04,,,,,
2020-08-05,,,,,
2020-08-06,,,,,
2020-08-07,,,,,
2020-08-10,,,,,
2020-08-11,,,,,
2020-08-12,,,,,
2020-08-13,,,,,
2020-08-14,,,,,
2020-08-17,,,,,
2020-08-18,,,,,
2020-08-19,,,,,
2020-08-20,,,,,
2020-08-21,,,,,
2020-08-24,,,,,
2020-08-25,,,,,
2020-08-26,,,,,
2020-08-27,,,,,
2020-08-28,,,,,
2020-08-31,,,,,
2020-09-01,,,,,
2020-09-02,,,,,
2020-09-03,,,,,
2020-09-04,,,,,
2020-09-08,,,,,
2020-09-09,,,,,
2020-09-10,,,,,
2020-09-11,,,,,
2020-09-14,,,,,
2020-09-15,,,,,
2020-09-16,,,,,
2020-09-17,,,,,
2020-09-18,,,,,
2020-09-21,,,,,
2020-09-22,,,,,
2020-09-23,,,,,
2020-09-24,,,,,
2020-09-25,,,,,
2020-09-28,,,,,
2020-09-29,,,,,
2020-09-30,,,,,
2020-10-01,,,,,
2020-10-02,,,,,
2020-10-05,,,,,
2020-10-06,,,,,
2020-10-07,,,,,
2020-10-08,,,,,
2020-10-09,,,,,
2020-10-12,,,,,
2020-10-13,,,,,
2020-10-14,,,,,
2020-10-15,,,,,
2020-10-16,,,,,
2020-10-19,,,,,
2020-10-20,,,,,
2020-10-21,,,,,
2020-10-22,,,,,
2020-10-23,,,,,
2020-10-26,,,,,
2020-10-27,,,,,
2020-10-28,,,,,
2020-10-29,,,,,
2020-10-30,,,,,
2020-11-02,,,,,
2020-11-03,,,,,
2020-11-04,,,,,
2020-11-05,,,,,
2020-11-06,,,,,
2020-11-09,,,,,
2020-11-10,,,,,
2020-11-11,,,,,
2020-11-12,,,,,
2020-11-13,,,,,
2020-11-16,,,,,
2020-11-17,,,,,
2020-11-18,,,,,
2020-11-19,,,,,
2020-11-20,,,,,
2020-11-23,,,,,
2020-11-24,,,,,
2020-11-25,,,,,
2020-11-27,,,,,
2020-11-30,,,,,
2020-12-01,,,,,
2020-12-02,,,,,
2020-12-03,,,,,
2020-12-04,,,,,
2020-12-07,,,,,
2020-12-08,,,,,
2020-12-09,,,,,
2020-12-10,,,,,
2020-12-11,,,,,
2020-12-14,,,,,
2020-12-15,,,,,
2020-12-16,,,,,
2020-12-17,,,,,
2020-12-18,,,,,
2020-12-21,,,,,
2020-12-22,,,,,
2020-12-23,,,,,
2020-12-24,,,,,
2020-12-28,,,,,
2020-12-29,,,,,
2020-12-30,,,,,
2020-12-31,,,,,
2021-01-04,,,,,
2021-01-05,,,,,
2021-01-06,,,,,
2021-01-07,,,,,
2021-01-08,,,,,
2021-01-11,,,,,
2021-01-12,,,,,
2021-01-13,,,,,
2021-01-14,,,,,
2021-01-15,,,,,
2021-01-19,,,,,
2021-01-20,,,,,
2021-01-21,,,,,
2021-01-22,,,,,
2021-01-25,,,,,
2021-01-26,,,,,
2021-01-27,,,,,
2021-01-28,,,,,
2021-01-29,,,,,
2021-02-01,,,,,
2021-02-02,,,,,
2021-02-03,,,,,
2021-02-04,,,,,
2021-02-05,,,,,
2021-02-08,,,,,
2021-02-09,,,,,
2021-02-10,,,,,
2021-02-11,,,,,
2021-02-12,,,,,
2021-02-16,,,,,
2021-02-17,,,,,
2021-02-18,,,,,
2021-02-19,,,,,
2021-02-22,,,,,
2021-02-23,,,,,
2021-02-24,,,,,
2021-02-25,,,,,
2021-02-26,,,,,
2021-03-01,,,,,
2021-03-02,,,,,
2021-03-03,,,,,
2021-03-04,,,,,
2021-03-05,,,,,
2021-03-08,,,,,
2021-03-09,,,,,
2021-03-10,,,,,
2021-03-11,,,,,
2021-03-12,,,,,
2021-03-15,,,,,
2021-03-16,,,,,
2021-03-17,,,,,
2021-03-18,,,,,
2021-03-19,,,,,
2021-03-22,,,,,
2021-03-23,,,,,
2021-03-24,,,,,
2021-03-25,,,,,
2021-03-26,,,,,
2021-03-29,,,,,
2021-03-30,,,,,
2021-03-31,,,,,
2021-04-01,,,,,
2021-04-05,,,,,
2021-04-06,,,,,
2021-04-07,,,,,
2021-04-08,,,,,
2021-04-09,,,,,
2021-04-12,,,,,
2021-04-13,,,,,
2021-04-14,,,,,
2021-04-15,,,,,
2021-04-16,,,,,
2021-04-19,,,,,
2021-04-20,,,,,
2021-04-21,,,,,
2021-04-22,,,,,
2021-04-23,,,,,
2021-04-26,,,,,
2021-04-27,,,,,
2021-04-28,,,,,
2021-04-29,,,,,
2021-04-30,,,,,
2021-05-03,,,,,
2021-05-04,,,,,
2021-05-05,,,,,
2021-05-06,,,,,
2021-05-07,,,,,
2021-05-10,,,,,
2021-05-11,,,,,
2021-05-12,,,,,
2021-05-13,,,,,
2021-05-14,,,,,
2021-05-17,,,,,
2021-05-18,,,,,
2021-05-19,,,,,
2021-05-20,,,,,
2021-05-21,,,,,
2021-05-24,,,,,
2021-05-25,,,,,
2021-05-26,,,,,
2021-05-27,,,,,
2021-05-28,,,,,
2021-06-01,,,,,
2021-06-02,,,,,
2021-06-03,,,,,
2021-06-04,,,,,
2021-06-07,,,,,
2021-06-08,,,,,
2021-06-09,,,,,
2021-06-10,,,,,
2021-06-11,,,,,
2021-06-14,,,,,
2021-06-15,,,,,
2021-06-16,,,,,
2021-06-17,,,,,
2021-06-18,,,,,
2021-06-21,,,,,
2021-06-22,,,,,
2021-06-23,,,,,
2021-06-24,,,,,
2021-06-25,,,,,
2021-06-28,,,,,
2021-06-29,,,,,
2021-06-30,,,,,
2021-07-01,,,,,
2021-07-02,,,,,
2021-07-06,,,,,
2021-07-07,,,,,
2021-07-08,,,,,
2021-07-09,,,,,
2021-07-12,,,,,
2021-07-13,,,,,
2021-07-14,,,,,
2021-07-15,,,,,
2021-07-16,,,,,
2021-07-19,,,,,
2021-07-20,,,,,
2021-07-21,,,,,
2021-07-22,,,,,
2021-07-23,,,,,
2021-07-26,,,,,
2021-07-27,,,,,
2021-07-28,,,,,
2021-07-29,,,,,
2021-07-30,,,,,
2021-08-02,,,,,
2021-08-03,,,,,
2021-08-04,,,,,
2021-08-05,,,,,
2021-08-06,,,,,
2021-08-09,,,,,
2021-08-10,,,,,
2021-08-11,,,,,
2021-08-12,,,,,
2021-08-13,,,,,
2021-08-16,,,,,
2021-08-17,,,,,
2021-08-18,,,,,
2021-08-19,,,,,
2021-08-20,,,,,
2021-08-23,,,,,
2021-08-24,,,,,
2021-08-25,,,,,
2021-08-26,,,,,
2021-08-27,,,,,
2021-08-30,,,,,
2021-08-31,,,,,
2021-09-01,,,,,
2021-09-02,,,,,
2021-09-03,,,,,
2021-09-07,,,,,
2021-09-08,,,,,
2021-09-09,,,,,
2021-09-10,,,,,
2021-09-13,,,,,
2021-09-14,,,,,
2021-09-15,,,,,
2021-09-16,,,,,
2021-09-17,,,,,
2021-09-20,,,,,
2021-09-21,,,,,
2021-09-22,,,,,
2021-09-23,,,,,
2021-09-24,,,,,
2021-09-27,,,,,
2021-09-28,,,,,
2021-09-29,,,,,
2021-09-30,,,,,
2021-10-01,,,,,
2021-10-04,,,,,
2021-10-05,,,,,
2021-10-06,,,,,
2021-10-07,,,,,
2021-10-08,,,,,
2021-10-11,,,,,
2021-10-12,,,,,
2021-10-13,,,,,
2021-10-14,,,,,
2021-10-15,,,,,
2021-10-18,,,,,
2021-10-19,,,,,
2021-10-20,,,,,
2021-10-21,,,,,
2021-10-22,,,,,
2021-10-25,,,,,
2021-10-26,,,,,
2021-10-27,,,,,
2021-10-28,,,,,
2021-10-29,,,,,
2021-11-01,,,,,
2021-11-02,,,,,
2021-11-03,,,,,
2021-11-04,,,,,
2021-11-05,,,,,
2021-11-08,,,,,
2021-11-09,,,,,
2021-11-10,,,,,
2021-11-11,,,,,
2021-11-12,,,,,
2021-11-15,,,,,
2021-11-16,,,,,
2021-11-17,,,,,
2021-11-18,,,,,
2021-11-19,,,,,
2021-11-22,,,,,
2021-11-23,,,,,
2021-11-24,,,,,
2021-11-26,,,,,
2021-11-29,,,,,
2021-11-30,,,,,
2021-12-01,,,,,
2021-12-02,,,,,
2021-12-03,,,,,
2021-12-06,,,,,
2021-12-07,,,,,
2021-12-08,,,,,
2021-12-09,,,,,
2021-12-10,,,,,
2021-12-13,,,,,
2021-12-14,,,,,
2021-12-15,,,,,
2021-12-16,,,,,
2021-12-17,,,,,
2021-12-20,,,,,
2021-12-21,,,,,
2021-12-22,,,,,
2021-12-23,,,,,
2021-12-27,,,,,
2021-12-28,,,,,
2021-12-29,,,,,
2021-12-30,,,,,
2021-12-31,,,,,
2022-01-03,,,,,
2022-01-04,,,,,
2022-01-05,,,,,
2022-01-06,,,,,
2022-01-07,,,,,
2022-01-10,,,,,
2022-01-11,,,,,
2022-01-12,,,,,
2022-01-13,,,,,
2022-01-14,,,,,
2022-01-18,,,,,
2022-01-19,40.70500183105469,41.6741685413179,36.82833499000186,36.82833499000186,129900.0
2022-01-20,43.61249923706055,46.87858981140986,39.68737504514057,39.68737504514057,153400.0
2022-01-21,43.61249923706055,48.40987489255268,41.62570834456548,41.674165937635635,329500.0
2022-01-24,41.48033905029297,43.61250678824499,40.58870735277518,43.53497166824623,110000.0
2022-01-25,40.60615158081055,43.5349731842241,40.05566773737794,41.18959117876042,23500.0
2022-01-26,41.88739776611328,43.67066514474165,40.94730461901396,43.622203838417214,90500.0
2022-01-27,44.34906768798828,48.09005183622419,42.40104419838794,45.80281777479016,151600.0
2022-01-28,45.30855178833008,46.13234216019569,42.78871937091201,43.17638390593419,43600.0
2022-01-31,46.5200080871582,46.5200080871582,44.58167441685995,44.58167441685995,71300.0
2022-02-01,48.245121002197266,48.45833887631798,45.599296143199645,46.03542193250208,298800.0
2022-02-02,51.37553787231445,54.49625660276446,48.2645128816302,48.49226770410545,23860900.0
2022-02-03,51.96672058105469,54.825763259446326,48.7490872370241,50.58081181995429,8425500.0
2022-02-04,48.59402084350586,52.6548319414428,48.574637064621164,50.978170190156014,6757800.0
2022-02-07,44.64952087402344,48.49711482991393,44.58167948361899,48.45834726480325,9432500.0
2022-02-08,44.09709930419922,46.093584691557474,42.80810539609405,43.738508542841636,7277500.0
2022-02-09,45.85129165649414,45.98697444364632,42.52704858295101,43.37022282959576,4393100.0
2022-02-10,45.59930419921875,47.00459701432032,43.98079716940582,44.10678621084664,2450000.0
2022-02-11,46.607242584228516,47.40195925244232,44.63983469792836,45.318248660736124,3456800.0
2022-02-14,46.62662124633789,47.48917921607694,45.541155328009516,46.70415267767928,2155000.0
2022-02-15,46.5200080871582,46.95613390239093,45.744675358454515,46.229258776029084,2359800.0
2022-02-16,45.74467849731445,46.975520906059856,45.502386771901854,46.24864572982206,5855300.0
2022-02-17,43.8935661315918,45.628375625366225,43.79664723141897,44.89180677236481,3142600.0
2022-02-18,44.0098762512207,44.48476973954215,43.41868375034093,43.75789444116453,2018700.0
2022-02-22,42.19752883911133,44.2715454689127,42.149071232234164,44.00986995528191,2611100.0
2022-02-23,41.76140594482422,42.6336577187879,40.87946412762924,42.34290466274755,2791200.0
2022-02-24,43.094486236572266,43.35702078285124,41.052555822245054,41.95684024524531,2447900.0
2022-02-25,42.695823669433594,43.68761961201513,42.530526200277635,43.07503900146457,2040700.0
2022-02-28,44.708587646484375,45.330890149543556,41.28592017044338,42.10269313301243,5534900.0
2022-03-01,46.468544006347656,46.72135302945476,44.096010868620866,44.358545455625844,4212900.0
2022-03-02,48.09236145019531,48.90913443248917,46.02126157766298,46.672733367156056,3517100.0
2022-03-03,48.150699615478516,48.9383032595198,46.23225638262417,48.44240343242205,2072200.0
2022-03-04,49.589778900146484,49.62867373459363,46.915820233962116,47.81037917095305,2544600.0
2022-03-07,50.2218132019043,51.12609781418742,48.49102994665719,49.648127304963566,2726900.0
2022-03-08,50.873287200927734,53.79033350239935,49.443933326257465,49.764810199843104,3873700.0
2022-03-09,49.9106559753418,52.1956737271525,49.19111637125812,50.98995981764394,3050600.0
2022-03-10,49.90092086791992,50.21207206714318,47.90760733876627,49.17165954926262,2692700.0
2022-03-11,47.95623016357422,50.406548953367505,46.95471234455961,49.99816063379428,3034100.0
2022-03-14,49.541168212890625,50.426005403062774,47.24642463155204,50.426005403062774,2916600.0
2022-03-15,49.87175750732422,50.16346132748416,48.52019363018478,49.92037419248165,2117400.0
2022-03-16,50.33848571777344,50.95106635306576,48.957748824963886,50.28014346848332,2989800.0
2022-03-17,49.580055236816406,51.25249225564013,49.5022655707609,50.44544487099908,2244600.0
2022-03-18,47.65480422973633,49.988442401206676,47.52840157978327,49.24945908212992,9663900.0
2022-03-21,47.85900115966797,48.0631934834804,47.25614233334218,47.557571746505076,2452000.0
2022-03-22,49.72591781616211,50.61075508963095,48.62716261639871,48.95776136193741,3841900.0
2022-03-23,49.580055236816406,50.33848593478047,49.29807326118833,49.29807326118833,2396200.0
2022-03-24,50.960792541503906,51.12609374061241,49.3632221979691,49.76480414843878,2335200.0
2022-03-25,52.312355041503906,52.33180245901995,50.591297538098324,50.79549356740895,2441200.0
2022-03-28,55.20995330810547,55.278017414585086,52.55544202775346,52.87631885191362,3127000.0
2022-03-29,54.77239990234375,55.80308707236968,53.119406495716945,55.42387170157028,2201300.0
2022-03-30,55.91004943847656,56.19203144759547,54.15982254572395,54.61682390582383,1934100.0
2022-03-31,54.694610595703125,57.44635900698602,54.23760555133223,56.72681938664987,3817600.0
2022-04-01,56.41566848754883,56.687924919556785,54.15981994149967,54.80156989495821,2156500.0
2022-04-04,56.765716552734375,57.07686783127168,55.939217955381814,56.746269134173815,1885100.0
2022-04-05,57.368568420410156,58.65206829850242,56.83377742274098,57.02824788804312,2143100.0
2022-04-06,57.95197677612305,58.41870738192256,56.755988408148966,57.27133570353136,2559400.0
2022-04-07,59.22574996948242,59.38132558894924,57.70888489776944,58.10754765447911,3925800.0
2022-04-08,62.249755859375,63.10542739924643,59.21603288981283,59.52718415383026,4762100.0
2022-04-11,59.002105712890625,62.87399953312173,58.739571179743265,62.40532537268853,3487700.0
2022-04-12,60.159210205078125,61.46215755025462,59.196587114448064,59.31326791438776,2553000.0
2022-04-13,62.424774169921875,62.765102098405606,60.04252318112017,60.324505151858574,3405700.0
2022-04-14,60.82040023803711,62.93039849179054,60.46160413239326,62.3469908533675,1860100.0
2022-04-18,61.55939483642578,62.39561156606368,60.567598760753945,60.567598760753945,1216800.0
2022-04-19,64.86538696289062,65.04041004202274,61.14129302183775,61.870554615149494,2078800.0
2022-04-20,63.60132598876953,66.78090267175212,63.2658645321732,65.94468227567843,2182800.0
2022-04-21,60.93708801269531,64.46671835406129,60.43146997965466,63.20266214381245,2493700.0
2022-04-22,60.7037239074707,62.67370313726929,60.56759569579538,60.77178801330836,2030500.0
2022-04-25,60.54814910888672,61.102387526431706,57.796400729482976,60.63566063319465,2261600.0
2022-04-26,58.29229736328125,60.49952905660503,58.25340253036967,60.091140729464314,2136500.0
2022-04-27,58.428428649902344,59.498010646856585,58.078382553672775,58.35063897997772,1991600.0
2022-04-28,59.61469268798828,59.65358381212768,57.17409567859465,58.55483258896869,3354600.0
2022-04-29,57.572757720947266,60.14948290535242,57.51441918086659,59.7994368280067,2578400.0
2022-05-02,56.59069061279297,58.33119553855455,55.32663814446024,57.660272614640135,2488200.0
2022-05-03,58.04921340942383,58.778474875096954,56.83377763330195,56.83377763330195,2224200.0
2022-05-04,60.100860595703125,60.57244649049938,58.18824835539169,58.45758929849126,2628900.0
2022-05-05,58.496490478515625,60.27589016198423,57.533863751370795,59.52718130958614,1946800.0
2022-05-06,58.603450775146484,59.53690454424849,57.07686376446439,58.59372521195125,2861000.0
2022-05-09,56.0267333984375,58.895162925237386,55.00576796258428,58.895162925237386,2193700.0
2022-05-10,55.46276092529297,58.21450533063988,55.166194327526654,56.63930175391806,2156200.0
2022-05-11,55.78363800048828,57.397736523983944,54.96686503021243,55.53082899719088,1877000.0
2022-05-12,52.119571685791016,56.388948450732926,51.739422056426015,55.86258942764887,3785600.0
2022-05-13,53.23078155517578,54.48917667902421,52.27553268182078,53.15280023407543,2317500.0
2022-05-16,55.1607780456543,55.68714084059223,52.96760345176721,53.04558105933897,1631900.0
2022-05-17,57.821834564208984,57.97779351152788,54.56618828536687,55.414214829016174,2215100.0
2022-05-18,55.833351135253906,58.7332175975384,55.49219212479895,57.91930329827414,4609100.0
2022-05-19,55.784610748291016,56.05753793749264,53.53295028231538,55.68713781453445,2181100.0
2022-05-20,55.21926498413086,57.451426560787866,54.08856176735267,56.05754194204135,2266200.0
2022-05-23,55.17052459716797,56.13552306758424,54.4492159143839,56.04779593391003,1581800.0
2022-05-24,55.34597396850586,55.911327384028354,53.67916229449961,55.12178325080508,1682300.0
2022-05-25,57.67562484741211,57.84133333034783,55.44346297862138,55.44346297862138,1974700.0
2022-05-26,60.89228057861328,61.45080718593704,57.675621257157694,57.685370782911335,3260100.0
2022-05-27,64.91796112060547,64.95695178034252,60.43413936475552,60.82403852541811,2793800.0
2022-05-31,60.51213073730469,64.71327648554183,59.820059426234856,63.88474527942972,7389300.0
2022-06-01,62.04247283935547,62.305650514022986,60.580356468137545,60.80454719885512,2008600.0
2022-06-02,62.13995361328125,62.500611707546256,60.41465563146288,62.081467612449295,1758500.0
2022-06-03,63.52408981323242,64.15767515109953,61.52586456678541,61.66232818580792,1793500.0
2022-06-06,64.71326446533203,65.24937673031712,63.73364925754051,63.91397454816831,2033200.0
2022-06-07,64.8692398071289,65.01544551102772,63.51531995737741,63.86524687453178,2721700.0
2022-06-08,63.13417434692383,64.79124383832043,61.53559827893765,64.76200270414589,1922200.0
2022-06-09,59.66409683227539,62.832015760640225,59.615360361663726,62.63706987819357,1811000.0
2022-06-10,58.279964447021484,59.51789019368168,57.71461095019128,58.338446727138724,1540800.0
2022-06-13,54.07881164550781,57.500166114987074,53.80588443982101,56.798349050816086,2113200.0
2022-06-14,53.06507873535156,55.05355801406957,51.97336615263272,54.61492233224142,2330400.0
2022-06-15,56.7301139831543,58.05089194656521,54.273758118334996,54.29325344881222,3891700.0
2022-06-16,56.78860092163086,56.876328056808454,54.66366178199852,54.907347855452464,4837000.0
2022-06-17,56.63264465332031,57.99728821634075,54.08369028709919,57.07128034988792,6478700.0
2022-06-21,58.85506057739258,59.400914993609724,56.632641093915645,56.632641093915645,4363600.0
2022-06-22,57.7146110534668,58.9038003293724,57.37832678712732,57.782842859295364,3233400.0
2022-06-23,57.16876220703125,59.68360089849605,56.33048140375802,58.36769740763545,2667600.0
2022-06-24,57.78284454345703,58.81607490496164,56.51567761753738,57.35395836312635,6473700.0
2022-06-27,57.9193115234375,58.3589214641127,56.94456710559422,57.62688894175549,1718900.0
2022-06-28,56.61315155029297,59.37167602577613,56.36946547175697,58.32869990711042,1401700.0
2022-06-29,55.86260223388672,56.68625871354562,54.89760365336243,56.49618385528935,1412200.0
2022-06-30,55.8138542175293,57.34810294885367,55.121786691211646,55.46294941032691,2424400.0
2022-07-01,56.14527130126953,56.622897653776405,55.19002231461028,55.28749897754765,1531900.0
2022-07-05,53.55244445800781,55.92107313708835,51.554219612252666,55.70663194377701,2696000.0
2022-07-06,55.32648468017578,55.77486988289532,53.182050200741024,53.73765415274877,1716600.0
2022-07-07,57.61713409423828,58.38718295592851,56.116027033859574,56.116027033859574,1872100.0
2022-07-08,58.143497467041016,58.29945640224233,55.969814462538345,57.451426206128005,2096000.0
2022-07-11,58.328697204589844,58.62111974161345,56.93481260247789,58.1434971320909,1774700.0
2022-07-12,57.73411178588867,59.56663234410269,57.43193967584839,57.90956607967272,1808400.0
2022-07-13,58.3092041015625,58.75758559002595,56.681382894958695,56.681382894958695,1577200.0
2022-07-14,56.457183837890625,57.48066825083077,55.648148063098425,56.817841879062776,2608600.0
2022-07-15,54.254276275634766,55.21537436880484,51.3105475721272,53.57195441272089,5186100.0
2022-07-18,53.42573547363281,55.238756716045245,53.211290541564466,54.90734722954594,2583100.0
2022-07-19,53.61093521118164,54.09830734946511,52.801895676821005,54.03982135426354,2326200.0
2022-07-20,52.704429626464844,53.94723022889859,52.02210779999837,53.76690117555204,2803600.0
2022-07-21,52.792152404785156,53.46959941205638,51.9636212172656,52.49972985144617,1816800.0
2022-07-22,52.63618850708008,54.195777790318566,52.07083506793478,53.40623734245902,1503100.0
2022-07-25,53.57194900512695,53.669425671906716,52.02210532769779,52.61669998081311,1847700.0
2022-07-26,54.098304748535156,55.23875371247807,53.50371017347946,54.00083181290648,1993500.0
2022-07-27,54.1275520324707,54.351742784559875,52.81164866027418,53.64017986227132,1557200.0
2022-07-28,62.9587287902832,64.27463950332665,60.61934477475966,60.999498163239394,8460600.0
2022-07-29,64.43059539794922,64.91796753777744,62.032725362399404,62.23742076872222,3895200.0
2022-08-01,63.65080261230469,64.91796567752169,62.51034618588839,64.3818608010982,2735200.0
2022-08-02,64.17715454101562,65.10316599278991,63.348623458581415,63.65079921746114,1722900.0
2022-08-03,65.47357940673828,65.678274837844,63.8847487157503,64.94721653959088,2286700.0
2022-08-04,65.7562484741211,66.64326934174808,63.85550009593286,63.85550009593286,2425900.0
2022-08-05,72.42350769042969,74.0610784848355,67.98841795320706,67.99816747891978,4216800.0
2022-08-08,73.97332763671875,75.66938025365118,73.07656486792295,75.06504368354004,3183600.0
2022-08-09,73.80763244628906,74.83110940026046,73.12530704026669,73.83687358258709,2945700.0
2022-08-10,75.17228698730469,75.2502608834452,73.59319846228925,74.12931082974458,2134600.0
2022-08-11,76.83909606933594,78.0380274111847,74.74339430656943,75.17228418454275,2540200.0
2022-08-12,79.58399200439453,79.75976062829511,77.18182577777502,77.7774857004363,2170800.0
2022-08-15,79.29106140136719,80.49214853639104,78.36339798775651,78.36339798775651,1980100.0
2022-08-16,79.48636627197266,80.17967396513303,78.99812078805395,79.19341600160749,1878800.0
2022-08-17,77.82632446289062,79.53518359745878,77.24043139247416,78.5293991274042,2502200.0
2022-08-18,79.68165588378906,80.21384163583865,77.55290542555638,77.55290542555638,1939600.0
2022-08-19,78.93951416015625,79.3691725041363,77.97279033623482,78.4219752185623,1704000.0
2022-08-22,77.77751159667969,78.85165023369511,77.65056299546355,78.85165023369511,1724600.0
2022-08-23,77.8751449584961,78.98834392679038,77.72866984160812,78.38291692033594,1065800.0
2022-08-24,78.48057556152344,78.91511370985009,77.44549015143791,77.78726792318398,1430200.0
2022-08-25,80.79486083984375,80.88274890123591,77.88980169165379,78.12904466151785,1551700.0
2022-08-26,78.92977142333984,81.2733513758583,78.70517520933365,80.79486540907014,1641000.0
2022-08-29,79.09576416015625,80.06248808054852,77.28925745638179,77.77750291416054,1191200.0
2022-08-30,77.81656646728516,79.66213377337031,77.12325878431449,79.66213377337031,1802800.0
2022-08-31,79.67188262939453,80.45307826738484,77.69937444601791,78.37315549753372,3016500.0
2022-09-01,80.58003234863281,80.99016422204076,79.25201147057284,79.67189543971548,2421100.0
2022-09-02,79.16410827636719,81.72251683558224,79.0566936931537,80.63861145954318,2232200.0
2022-09-06,80.32615661621094,80.75580761623695,79.17389686834764,79.77931655703198,2013300.0
2022-09-07,80.95110321044922,82.47442674542346,79.76368684880393,80.65815293832267,1759100.0
2022-09-08,83.77315521240234,83.92938988239828,80.92180357215877,80.92180357215877,2184400.0
2022-09-09,85.45272064208984,85.74566344171642,83.42649755700964,84.46646274826809,1905300.0
2022-09-12,86.05815124511719,86.57569774575863,85.40390404718242,86.47804268335082,1733800.0
2022-09-13,84.34927368164062,85.96048501188847,83.75361369015485,84.8570530760385,1974200.0
2022-09-14,85.98001861572266,86.44873003149645,84.2320991755753,84.34927330450193,3600300.0
2022-09-15,84.75941467285156,86.185090519303,84.28092875894782,85.81401920239524,3631800.0
2022-09-16,83.55831909179688,84.81799314243105,82.8972329000622,84.57387043765777,6245600.0
2022-09-19,87.25922393798828,87.59122725472345,83.2458459031364,83.39232102229829,4407400.0
2022-09-20,85.68707275390625,88.05994583586194,85.50153710695244,86.33156029593486,4626000.0
2022-09-21,85.2281265258789,87.97206363415997,85.1793064497734,86.70262990489962,2155100.0
2022-09-22,83.37279510498047,85.93120409059946,82.64042688829922,85.93120409059946,1863300.0
2022-09-23,81.87875366210938,82.35723207728702,80.22360202233091,81.8152868249136,2678800.0
2022-09-26,80.97062683105469,82.95290224417093,79.73048661719571,81.70299503491741,1973300.0
2022-09-27,81.99594116210938,83.40697019907049,81.12686486668193,81.72252490512558,1777800.0
2022-09-28,83.02125549316406,83.51926795288935,81.22451576008902,82.13265262192476,1564300.0
2022-09-29,81.08779907226562,84.18327320218971,80.1406017791895,83.05054771822577,1823700.0
2022-09-30,81.2342758178711,82.46464891912693,80.28707850576897,81.32215641794626,3267800.0
2022-10-03,84.5543441772461,84.86682841994829,81.89829516458698,83.03102074424487,2026700.0
2022-10-04,87.23968505859375,87.36174640938093,85.11094225289769,86.22414117607404,1679100.0
2022-10-05,86.09719848632812,87.36663960127018,83.57785024592357,85.61872004455698,1766700.0
2022-10-06,84.25163269042969,87.79531598013922,83.92938890912981,86.15579439353726,1677300.0
2022-10-07,82.40605926513672,83.73408736927011,81.41004191205352,83.695026842674,2017200.0
2022-10-10,82.72831726074219,83.6169201811356,81.95688849027079,82.95290601478268,982800.0
2022-10-11,80.93156433105469,83.31420454701411,80.60932799121899,82.42560168862504,1534200.0
2022-10-12,80.22850799560547,81.62488304074782,79.75978901504115,81.15617151021895,1878400.0
2022-10-13,81.8494644165039,82.33770985145085,77.43572896259856,78.66610209464031,2746500.0
2022-10-14,79.34964752197266,82.76736545239194,78.81257458146466,82.23029251188395,1693300.0
2022-10-17,83.18727111816406,84.26140973389208,81.18546157746198,81.2635826458875,1678900.0
2022-10-18,84.47622680664062,85.34530308037968,82.52324507688381,84.4664598119823,1598900.0
2022-10-19,83.67550659179688,84.20281256541593,82.57206712013628,83.089606098864,1325800.0
2022-10-20,82.57205963134766,84.69105032853551,82.20099580950644,84.33951304467179,2076500.0
2022-10-21,85.2281265258789,85.40389518993459,81.69323415436453,82.70877815775901,1749200.0
2022-10-24,85.52107238769531,85.64801351908746,83.55832364827891,85.50935348402257,1325000.0
2022-10-25,86.07767486572266,86.47803226321973,84.71058610712812,85.44295428672865,1647200.0
2022-10-26,86.6928482055664,87.57169137678295,85.27693958807487,87.57169137678295,1370100.0
2022-10-27,90.85270690917969,90.95035450130447,87.693758506222,87.693758506222,3345800.0
2022-10-28,91.5460205078125,93.0127087449034,89.66139280095696,90.70623775035142,1958000.0
2022-10-31,92.31745147705078,93.17676079538832,91.17983867349251,91.92685362324849,2276600.0
2022-11-01,93.27440643310547,93.97748106514452,91.7950233323709,93.000990176209,1467400.0
2022-11-02,90.90153503417969,94.02631040926669,90.79412788834968,92.45415945165243,1966100.0
2022-11-03,92.19049835205078,93.20604220982368,89.99339409142078,89.99339409142078,1484400.0
2022-11-04,92.10262298583984,93.94819022281483,90.56465277170552,92.85451771385264,1974300.0
2022-11-07,91.30189514160156,92.82521849471259,90.7745891847476,92.82521849471259,2120300.0
2022-11-08,85.48200988769531,90.91618385098299,84.0563341409547,87.45451812632713,4345400.0
2022-11-09,85.29647827148438,87.8060595760821,84.30046083562745,84.95470794790769,2241500.0
2022-11-10,92.9033432006836,93.58688384751116,86.12649400198896,88.37242604162407,4885600.0
2022-11-11,90.1398696899414,93.61618224792939,89.45144928965406,93.04981575617413,3133200.0
2022-11-14,91.85232543945312,92.63471621985362,89.97459652020969,89.97459652020969,1997000.0
2022-11-15,91.44157409667969,92.66405503380106,90.61028855172344,92.42934078307458,2537200.0
2022-11-16,89.66165161132812,92.43912501204561,89.27045617788603,92.23374908831079,1384600.0
2022-11-17,88.0675277709961,89.4464823580019,86.91350549310542,88.4391592816475,1792500.0
2022-11-18,91.24598693847656,91.38290421673399,88.04406259958783,88.13599490396983,2515700.0
2022-11-21,91.33399963378906,92.14572880638819,90.71787189753229,91.99902959448939,1744800.0
2022-11-22,94.15058898925781,94.23861149706661,92.01858192697394,92.47823595520597,1567600.0
2022-11-23,94.49288177490234,95.73491902636621,92.33642378056985,93.91586693798885,1135900.0
2022-11-25,95.02099609375,95.30460508788578,93.88653027148268,94.47331959339323,631700.0
2022-11-28,92.72273254394531,94.46354421983733,92.30219879943184,93.95499542856668,1590100.0
2022-11-29,92.35110473632812,93.01613469715701,91.26554101407166,92.60538287290643,1436200.0
2022-11-30,94.0038833618164,94.80583044323929,91.69583908622266,92.06747055175946,3361800.0
2022-12-01,92.39022827148438,95.62735567769757,91.81321334066831,94.86452870257814,1748600.0
2022-12-02,90.01371765136719,91.43179256006047,89.0357328973907,90.94280018307224,1848700.0
2022-12-05,88.07730865478516,89.59318807857385,87.82303797914763,89.00639869116372,2397000.0
2022-12-06,88.78146362304688,88.8792606159079,87.82304264700372,87.88171935043387,1237500.0
2022-12-07,89.94525909423828,91.14817616426005,88.5956353572763,88.87925183154465,1237200.0
2022-12-08,89.3975830078125,90.93790589126837,88.92814707928855,90.29732712093319,1002400.0
2022-12-09,87.74480438232422,89.83769142276337,87.71546602983537,89.34869898412933,1384600.0
2022-12-12,88.87925720214844,88.91837749007674,87.10910707662713,87.99907683877382,1554100.0
2022-12-13,88.84013366699219,90.66896788827555,88.40004350139077,89.9550431786171,1629900.0
2022-12-14,88.84991455078125,90.25821500230307,87.90126813337734,89.52472642737406,2561600.0
2022-12-15,87.72523498535156,88.84991901571392,87.46118236813773,88.81079872771335,2245100.0
2022-12-16,86.25825500488281,86.64945041095355,84.03823282718645,86.20936024251883,3911700.0
2022-12-19,85.7986068725586,86.71790747955743,85.08467470977995,86.43429100181969,1238100.0
2022-12-20,85.63233947753906,86.18001599311806,85.20691851308011,86.06265514090157,1306600.0
2022-12-21,87.67633819580078,88.18488700519495,84.80106051635974,86.05287985772863,1409500.0
2022-12-22,85.40740966796875,87.407386683007,84.6250188865133,87.1677777340963,1548300.0
2022-12-23,86.10177612304688,86.28759560853835,85.21180644141009,85.59321988741691,600700.0
2022-12-27,85.71057891845703,86.95262367176174,85.34872189162196,86.49296966674808,634400.0
2022-12-28,84.7032470703125,86.39515625525266,84.51742760806818,86.013742856963,752000.0
2022-12-29,84.8597412109375,85.75949293365373,84.38053072894981,85.24116216272775,870800.0
2022-12-30,84.31207275390625,84.69348624727375,83.24607285229764,84.69348624727375,1343300.0
2023-01-03,80.10673522949219,84.2240501714797,79.01138961277292,84.1066893142282,4030600.0
2023-01-04,81.57372283935547,81.89645218071682,79.5003921970393,80.14585834119453,2612200.0
2023-01-05,80.59573364257812,82.07248536769255,80.08229011313513,81.09450053501337,1906300.0
2023-01-06,81.66172790527344,83.28518619721275,81.25097609457733,81.77908876322874,1914100.0
2023-01-09,82.15072631835938,83.33408707590674,81.7399744775113,82.00402710050444,1301500.0
2023-01-10,81.25096893310547,81.65193877160587,79.78399191440612,81.56392373197076,1376700.0
2023-01-11,82.25830078125,82.51746615210206,80.62506798267202,81.1727370740678,1696200.0
2023-01-12,82.48323059082031,82.93311014382886,80.94779482512625,82.0333584992433,1496700.0
2023-01-13,83.2851791381836,83.81817899937064,81.6128187651498,81.96489384774311,1366200.0
2023-01-17,81.53458404541016,83.14825277031414,81.17272703396293,82.08225306906577,2763600.0
2023-01-18,80.04805755615234,82.6495008086092,79.9698169783118,81.48569646288564,2084900.0
2023-01-19,79.06028747558594,79.98937751038939,78.97715966314169,79.80355801114233,1635500.0
2023-01-20,81.17273712158203,81.27053410775542,78.67887293628603,79.33412841265441,1795100.0
2023-01-23,82.28763580322266,82.43433500718022,80.74046322116558,81.10427515777953,1596200.0
2023-01-24,82.06269836425781,82.37565316448352,81.15317231025323,82.1507134042755,1176000.0
2023-01-25,81.56392669677734,81.72040037118225,80.67395702492959,81.58348310804124,1535200.0
2023-01-26,83.98931884765625,84.1751383183534,81.44656025624649,81.7888533906117,2161100.0
2023-01-27,84.67390441894531,84.75214497395574,82.97220592390362,83.98931075474911,1455100.0
2023-01-30,80.58595275878906,84.93798233654549,80.43925353968253,84.02845613180365,3045800.0
2023-01-31,83.48078918457031,83.61770646959424,80.56639098599162,81.05538342148631,2509000.0
2023-02-01,83.5296859741211,83.97955809011341,81.05049090609441,83.57369349970654,2623400.0
2023-02-02,83.4514389038086,84.77171679863866,81.91110847531404,83.59813810577447,2389600.0
2023-02-03,81.36833190917969,83.28518867225598,81.22164015916574,82.52235426502432,1807200.0
2023-02-06,81.42701721191406,82.00402466720791,80.6935286058363,81.18252100988815,1502000.0
2023-02-07,84.03823852539062,84.370749793166,80.51749455489389,81.495479405667,2032900.0
2023-02-08,82.48323059082031,83.12870411010354,82.28763662454563,82.88420792154442,2005900.0
2023-02-09,82.56147003173828,83.57857505759313,82.08225959792301,83.06024433877212,1975000.0
2023-02-10,84.89884185791016,85.08466132201829,82.31696307677714,82.35608335666467,1350300.0
2023-02-13,84.48810577392578,85.37807551813404,84.04801560110903,84.97709817102522,1173500.0
2023-02-14,84.16535949707031,85.67341170036002,83.2753973147892,84.02844223825784,2383100.0
2023-02-15,84.11647033691406,84.58101160032668,82.50279400904205,82.63971127696512,2030600.0
2023-02-16,83.74483489990234,85.98442096486403,83.05536129348971,83.12870716818303,3037600.0
2023-02-17,82.68861389160156,84.14580908509113,80.09695280258401,83.32429801222061,3570700.0
2023-02-21,78.60062408447266,81.18250280187533,78.14097013392828,79.81332288533021,5056000.0
2023-02-22,76.08721160888672,77.56396311355503,74.71803155523753,77.56396311355503,3341000.0
2023-02-23,77.47595977783203,77.69600487329365,76.28281708599123,76.28281708599123,1584900.0
2023-02-24,77.80180358886719,77.93921747883734,76.04496352363833,76.29033316815588,1529100.0
2023-02-27,76.9184799194336,78.61643368957331,76.55042544758345,77.94902794776155,1326200.0
2023-02-28,73.50294494628906,76.54552765471406,73.02202244264394,76.3688611754848,3584800.0
2023-03-01,72.97293853759766,73.9936772658471,71.48109423513345,72.75701202937918,2594400.0
2023-03-02,74.76902770996094,75.3088438461214,72.62940441549455,72.75699391672964,1949900.0
2023-03-03,77.51717376708984,77.73309274303678,74.59236459733114,74.8181079428443,2304600.0
2023-03-06,77.34051513671875,77.41902773221044,75.91736670217662,76.90866216512151,2295000.0
2023-03-07,76.45718383789062,77.6055119937422,75.88792445721488,77.6055119937422,2203900.0
2023-03-08,76.6240234375,76.99698255836464,75.67198812867333,76.30995062832808,1261600.0
2023-03-09,77.1834716796875,78.70476640981596,75.96644038843692,76.59458605412024,3110500.0
2023-03-10,76.11366271972656,78.30235564033235,75.80939928463478,77.72328690402153,2895700.0
2023-03-13,75.67198944091797,77.14911934824143,75.07328696803827,75.50513989617092,2242400.0
2023-03-14,76.48662567138672,77.63495380732778,75.74069985750663,76.06458958449122,2142800.0
2023-03-15,75.8977279663086,76.43753660410536,74.93587582057717,75.85846793096384,1957000.0
2023-03-16,76.97735595703125,77.576058416987,74.6218061541989,75.20088233970252,1962900.0
2023-03-17,75.34809875488281,77.0067997633395,74.57764205068115,76.28050779309302,3896500.0
2023-03-20,75.57384490966797,76.97735947179956,75.48551543847077,75.63273122379942,1629500.0
2023-03-21,75.10272979736328,76.6632844702649,74.56292112763461,76.14310207532654,2045700.0
2023-03-22,73.0416259765625,74.91625344947573,73.02199970191079,74.85735964934766,1863400.0
2023-03-23,72.04052734375,73.73848104842952,71.42219106250417,73.28700181226944,1655400.0
2023-03-24,72.07978820800781,72.1583008022596,69.84201827795702,71.21608227845333,2777200.0
2023-03-27,73.87588500976562,74.02802047057301,72.07978500658014,72.07978500658014,3225500.0
2023-03-28,74.11145782470703,75.3873756262053,73.46760205455199,73.67960480581536,1752200.0
2023-03-29,74.4745864868164,75.14199217173943,74.0280194566494,74.87699626935367,2299500.0
2023-03-30,75.39718627929688,76.00570571126025,74.59237412119693,75.26959675611685,1737800.0
2023-03-31,77.04607391357422,77.14422028081471,75.30886000034528,75.39718948443536,2984400.0
2023-04-03,75.20089721679688,77.09515131984028,75.06349080418961,76.5553350645347,1894900.0
2023-04-04,74.61199951171875,75.54440867000338,73.72867476651611,75.24996209621088,1316200.0
2023-04-05,75.08312225341797,75.69164175693527,74.27831000068265,74.47460274990067,1204800.0
2023-04-06,75.53457641601562,75.55421017725293,74.74939819249933,75.19106047522187,1223000.0
2023-04-10,75.8977279663086,75.93698800165336,74.4549534917545,75.11254223558555,1485500.0
2023-04-11,75.98606872558594,76.36884476699186,75.7456112694721,76.31977533158098,1371500.0
2023-04-12,75.38735961914062,76.50624448679692,75.24014383767522,76.48661821196372,1171100.0
2023-04-13,75.71125030517578,76.15291263152396,74.7592149694478,75.2695879788276,1324700.0
2023-04-14,75.014404296875,75.21560919253028,74.1016289650666,74.9064410596008,1328400.0
2023-04-17,73.650146484375,75.4020816879935,73.27718735542459,75.16162425131078,1093300.0
2023-04-18,73.10054016113281,74.54330762508002,72.79627665853742,73.94460499208438,1235200.0
2023-04-19,73.36553192138672,74.00349456614684,73.12310506804553,73.58145843082136,1039300.0
2023-04-20,75.05367279052734,75.15181915689885,73.30664200961614,73.355711448758,1926900.0
2023-04-21,75.13219451904297,75.53950157397209,74.55311821506028,75.39719046283983,1178900.0
2023-04-24,75.85848236083984,75.90264710097148,74.19978112041281,75.01441016058244,1094300.0
2023-04-25,75.50514221191406,75.7112518008206,74.43532674025236,75.2205125449231,1722400.0
2023-04-26,74.4549560546875,75.54439773672625,74.06236317581191,75.09291854684955,3100600.0
2023-04-27,75.3284683227539,75.80939064925789,74.57273323824766,74.85735538897427,1865700.0
2023-04-28,75.9664306640625,76.03513385344928,74.88680590737623,75.47569145756091,2233400.0
2023-05-01,75.62291717529297,76.2118027446197,75.33828752769968,76.08420575440663,1788300.0
2023-05-02,75.36772918701172,75.9664316255683,74.54328341584932,75.30884287767374,2554000.0
2023-05-03,75.09294128417969,76.16274952775353,74.73960833501489,75.77015653000502,1607000.0
2023-05-04,77.13439178466797,78.88142980610921,73.52255809023674,75.55421828739766,3830400.0
2023-05-05,78.0177230834961,78.9599415354472,76.83013500901335,77.65458083452471,2359300.0
2023-05-08,77.2521743774414,78.3710593051973,76.63384559781427,78.26309606759921,2360100.0
2023-05-09,77.48772430419922,77.634947576293,76.36883941722519,76.5356964525777,3158300.0
2023-05-10,77.9833755493164,78.63605964649227,77.2865267170449,78.37105625974498,1629400.0
2023-05-11,77.9311752319336,78.35471451364685,77.06439297274844,77.39928816782218,2497400.0
2023-05-12,78.65019989013672,79.18208693783463,77.67507739340283,78.25620864946147,1991000.0
2023-05-15,79.06388092041016,79.87155951686809,77.99026257897833,79.41847225688021,2048300.0
2023-05-16,77.81297302246094,78.98509489423066,77.153042016825,78.98509489423066,3709100.0
2023-05-17,79.18209075927734,79.41848250918795,77.5273334803866,77.90162104397493,2329500.0
2023-05-18,80.17692565917969,80.24587357346569,78.36653754162603,79.06389966672975,2849300.0
2023-05-19,81.06339263916016,81.98434125882515,80.30495817551771,80.50195755589924,2444800.0
2023-05-22,82.27490234375,82.69844159471535,81.07323249148749,81.4869274100463,1908300.0
2023-05-23,82.7772445678711,83.28942791899749,81.91539201899154,82.10746171500867,2232200.0
2023-05-24,82.05821228027344,83.10229022149481,81.30963717042636,82.77724687616859,2430300.0
2023-05-25,81.50662994384766,81.94986540893814,80.66940322381112,81.94986540893814,1863100.0
2023-05-26,82.59010314941406,82.68859908790824,81.07324164937658,81.70362467344951,2267100.0
2023-05-30,82.44235229492188,83.76714403347923,81.88584688231742,82.5999518022224,2198200.0
2023-05-31,82.75753784179688,83.27958053610938,81.2111284827488,82.27490253623294,5214700.0
2023-06-01,87.54452514648438,87.82229316764526,83.51598331124343,83.59970523651339,3646900.0
2023-06-02,86.22466278076172,87.71197627896855,85.95871547554322,87.32783685121609,3225600.0
2023-06-05,86.19510650634766,87.47556863813837,85.87006317094963,86.50044614670213,1819000.0
2023-06-06,88.20445251464844,88.53934017314795,85.83066081916638,85.83066081916638,2311500.0
2023-06-07,89.44551849365234,89.51446639769684,87.79076128182682,88.20445622085165,2452100.0
2023-06-08,90.91314697265625,91.07862196290154,89.69177321404749,90.11531253853497,3075700.0
2023-06-09,91.88825988769531,92.36104337707516,90.70628613472954,90.91313736543604,2530100.0
2023-06-12,92.34133911132812,92.60727886147548,91.48440877906232,91.6026083984375,1720700.0
2023-06-13,92.83382415771484,93.89759816380652,92.18373753796196,92.54818072007409,2429900.0
2023-06-14,91.79960632324219,93.57256315739065,91.37606705257105,93.10962401098755,2573200.0
2023-06-15,92.05570220947266,92.34134567386143,91.5632150325454,92.31179764560706,3712300.0
2023-06-16,91.4942626953125,93.09976810899303,91.34651504644137,92.18374170370106,4963400.0
2023-06-20,90.60779571533203,91.95721338980115,90.50929977527964,91.730665964398,1846900.0
2023-06-21,89.14018249511719,89.66714740203416,87.84493876463677,89.5144700588445,2684900.0
2023-06-22,87.90897369384766,89.32240968969252,86.54478191390585,89.1401918128091,3205600.0
2023-06-23,89.00227355957031,89.33716119646489,87.78090759742959,88.2930908993734,2875900.0
2023-06-26,89.26821899414062,89.82965405015065,88.34234825294016,88.8939314617198,1890400.0
2023-06-27,89.48490905761719,89.64743071054373,88.62798627005908,89.60310867286117,1472800.0
2023-06-28,89.18944549560547,89.53418507350835,88.36206299387933,89.53418507350835,1605400.0
2023-06-29,89.5046157836914,89.97247706507171,88.78558125075139,89.15002444070146,1738700.0
2023-06-30,90.17440032958984,90.90327920874039,89.67206133157373,90.66688748045651,2667100.0
2023-07-03,90.2236557006836,90.36155151880978,88.97274148917933,89.6425243978316,1089100.0
2023-07-05,90.75553894042969,91.80946122839507,89.97740827701477,90.04635618315238,2087300.0
2023-07-06,89.63267517089844,90.09561436590074,88.49995304765513,90.09561436590074,2263300.0
2023-07-07,89.95771026611328,90.3319978182818,89.29777924725377,89.63266692317961,1334000.0
2023-07-10,92.193603515625,92.22315154564141,90.00695911731023,90.00695911731023,1539300.0
2023-07-11,92.94218444824219,93.01113235525354,91.46472285677766,92.42999355493653,1260900.0
2023-07-12,94.61663818359375,94.71514163511338,92.6663930855408,93.51347166825335,1532600.0
2023-07-13,93.83850860595703,94.62649113878345,93.45436918776271,94.40979556651827,1462400.0
2023-07-14,93.57256317138672,94.0995280552778,93.2760834274452,93.46421539179711,1259900.0
2023-07-17,94.7348403930664,95.46371936263368,93.05053502993688,93.05053502993688,1951400.0
2023-07-18,93.93700408935547,95.19777002311224,92.47923878172561,94.55753520885077,1925300.0
2023-07-19,93.30663299560547,94.10445989572995,92.51865042935903,93.4051289376966,1785300.0
2023-07-20,95.43417358398438,95.85771289685277,93.8089642432215,94.06505970361506,1600300.0
2023-07-21,95.14852905273438,96.67524243504892,94.86288556440901,96.11380730689453,5081100.0
2023-07-24,95.09928131103516,95.35536924436914,94.32115063338581,95.14852552217248,1077800.0
2023-07-25,96.05470275878906,96.68509330528097,94.45904899742074,94.50829320988706,854800.0
2023-07-26,95.87740325927734,96.7638817108598,95.21747222328302,95.21747222328302,1243000.0
2023-07-27,93.98625946044922,96.28125171405522,93.76956388082858,96.26155553170726,897900.0
2023-07-28,94.30144500732422,95.2076271478546,93.82866151333789,94.81363589302723,1135900.0
2023-07-31,95.19778442382812,95.23718430456282,93.96656633121462,94.39994998977855,1170200.0
2023-08-01,94.85302734375,95.6311504215931,94.62647995005312,94.79392377618355,1469600.0
2023-08-02,94.11428833007812,94.58214957468283,93.01111451473871,94.54767187041122,2040300.0
2023-08-03,99.62031555175781,102.01774150613456,94.32115570118,94.52799943449021,3511000.0
2023-08-04,102.37823486328125,103.13173962895455,100.26053853845264,100.3885824967882,2723600.0
2023-08-07,102.19110107421875,103.07757959853723,101.23075247068991,103.00863168635462,1759800.0
2023-08-08,103.23516845703125,103.35336809492148,101.41296724941866,101.41296724941866,1207300.0
2023-08-09,103.5306625366211,104.30879323507176,102.74071112304914,103.04802717192685,1646700.0
2023-08-10,104.1314926147461,105.24451095839262,103.53065764200325,104.37773620964863,1563700.0
2023-08-11,105.23958587646484,105.39464569430959,103.68904044201489,104.13346889995437,1414100.0
2023-08-14,105.67414093017578,106.26670469944833,104.40308588092046,105.14083127737335,2404000.0
2023-08-15,104.92354583740234,105.26427204337254,104.31123326769952,105.0716886488924,1709600.0
2023-08-16,103.79767608642578,105.1309463658587,103.69891672033013,105.0815704502392,1835200.0
2023-08-17,103.52114868164062,104.82972725902134,103.27424649459847,104.17297407216317,1800600.0
2023-08-18,103.4717788696289,104.2322419254805,103.21500598635491,103.23475484858454,1669000.0
2023-08-21,104.795166015625,105.13687930929123,102.98784017836961,103.3038746798413,1377000.0
2023-08-22,104.94330596923828,105.2247705397252,104.20259942025834,104.35074223702566,1276900.0
2023-08-23,107.09629821777344,107.90613711373648,105.62475571455151,105.62475571455151,1393500.0
2023-08-24,105.59513092041016,108.88387002756772,105.51612040816956,107.55059965665056,1498700.0
2023-08-25,104.55814361572266,106.10868908950532,104.26185796958045,105.49636893707802,1383800.0
2023-08-28,104.06433868408203,106.01979982684398,103.9260740592345,104.98775047178312,1088000.0
2023-08-29,104.23222351074219,104.85441428163267,103.50139517963734,103.9260672236962,1131500.0
2023-08-30,104.42974853515625,104.95120584168872,103.78780133195643,104.03470352281353,1167400.0
2023-08-31,102.86933898925781,104.77541679101914,102.48416461483797,104.63715215809198,2035500.0
2023-09-01,105.96054077148438,106.07905653076661,103.89643462274417,104.32110667493477,1338800.0
2023-09-05,104.73590850830078,105.40748274402945,103.84804621328063,105.22971287178197,1433200.0
2023-09-06,105.31859588623047,106.45434744911303,104.67664869548321,105.01243958666073,1337800.0
2023-09-07,107.19505310058594,109.58012910200767,105.85190461695063,106.52347885876829,1951100.0
2023-09-08,107.29380798339844,108.30117307145547,106.88889233671946,106.88889233671946,1428100.0
2023-09-11,108.61721801757812,109.02905070208828,107.30369651877797,107.45183934421944,1820700.0
2023-09-12,107.15555572509766,108.73079298027417,106.80989414908491,108.18266979014781,1557100.0
2023-09-13,107.91600799560547,108.72584689321342,107.16543074845656,107.43208180352265,1894600.0
2023-09-14,111.06648254394531,111.22450356554687,108.16785318451218,108.39994185070383,2308300.0
2023-09-15,108.56783294677734,111.28375707826832,108.43944651856447,111.06648194217193,4287700.0
2023-09-18,109.36778259277344,110.8590738022336,109.04187745641573,109.06162631458496,1358500.0
2023-09-19,109.17028045654297,109.99986825309153,108.933256448223,109.71346078956195,1972100.0
2023-09-20,108.76535034179688,109.8023425567481,108.54808274324633,109.5554403660318,924500.0
2023-09-21,108.57771301269531,109.26903615321017,108.15304093070559,108.27154916344692,1443800.0
2023-09-22,108.99250030517578,109.36778891092122,107.26912035467282,108.10365093908749,1210500.0
2023-09-25,110.819580078125,111.52078140634067,108.13822586251553,108.3604363306,2115200.0
2023-09-26,107.14567565917969,110.33071250417463,106.59261714720182,110.27640125411554,2309700.0
2023-09-27,109.3776626586914,109.91097225665018,107.6295985888735,107.6295985888735,2819500.0
2023-09-28,107.96539306640625,109.60482728129492,107.48640219849344,109.39742280386581,1550700.0
2023-09-29,107.72835540771484,109.33815482540993,107.29380518226206,108.67645882563859,2867500.0
2023-10-02,103.43226623535156,106.95802912143415,101.48667581987829,106.95802912143415,2892500.0
2023-10-03,103.59027862548828,103.61990568167926,101.13607033958155,101.93109566508453,2557000.0
2023-10-04,104.84455108642578,105.27909382337361,102.93352298463469,103.34338153011296,1973900.0
2023-10-05,106.54322814941406,107.1555482807094,105.28896836505976,105.6543863113765,1589200.0
2023-10-06,108.80484771728516,109.20977089746829,103.82729900871573,105.22970907691867,2095800.0
2023-10-09,109.99986267089844,110.1055390401641,108.60733821597091,108.80485695707112,1258400.0
2023-10-10,111.59979248046875,112.08371867438515,109.58506965893939,109.58506965893939,1464400.0
2023-10-11,113.64414978027344,113.75081322361137,111.90595609891572,112.49852743530094,1353300.0
2023-10-12,114.28608703613281,114.72063730215605,113.04169788742975,113.48612635082357,1299700.0
2023-10-13,112.28124237060547,115.93539176980346,111.58991171747553,115.32307162586383,1699400.0
2023-10-16,115.38233184814453,115.6687392892745,113.18983922179959,113.34785270336904,1701700.0
2023-10-17,115.69835662841797,116.52794429040674,114.27619773945877,114.61198860373241,1214600.0
2023-10-18,114.63174438476562,117.17483383715245,114.37496400656086,115.87613348775854,1050700.0
2023-10-19,112.87380981445312,115.16506191197236,112.69603993038452,114.56261994567636,981000.0
2023-10-20,110.71094512939453,113.36761521630106,110.53317524374917,112.69604092995824,1654400.0
2023-10-23,110.72081756591797,111.62941580755749,109.03102044135086,110.44428832149347,950800.0
2023-10-24,112.85404968261719,113.87129303463165,111.85657026017817,111.85657026017817,1930900.0
2023-10-25,110.64180755615234,112.85404905637435,110.28626780175956,112.81455133687011,1575000.0
2023-10-26,111.3232650756836,111.62942139234808,109.7628413642415,110.61218553452734,1652700.0
2023-10-27,109.40729522705078,111.95532758963358,108.53128524820536,111.59978783974498,1128700.0
2023-10-30,111.6294174194336,111.82694369320097,110.12331254695623,110.47391697360777,1271600.0
2023-10-31,111.52078247070312,112.10347557342544,109.7924670926623,111.71830874910776,1942000.0
2023-11-01,113.42686462402344,113.95029606145398,111.43189824336909,112.18247547616988,2751300.0
2023-11-02,115.73786926269531,116.43907055549685,112.96268361289987,113.48612256809731,1894600.0
2023-11-03,115.6193618774414,117.19953444996204,115.4020867359341,117.17978558930555,1853200.0
2023-11-06,123.1844482421875,124.06736773156327,116.5970918569765,117.51556833717277,2530800.0
2023-11-07,118.3846664428711,123.42541794797123,117.18966073060537,122.89803823831151,2271500.0
2023-11-08,119.67842102050781,119.97470664062078,117.49086386015743,118.9278363084496,1730200.0
2023-11-09,119.13523864746094,122.81408720262833,119.02660108413522,120.08334212614814,1603200.0
2023-11-10,120.26111602783203,121.20428420700107,119.87200094715516,119.94508152434979,1219700.0
2023-11-13,120.21173095703125,120.72133589579282,119.41177032925431,119.87594008429295,891600.0
2023-11-14,124.95225524902344,125.13990332194831,121.85116438886469,122.51286797528408,1433300.0
2023-11-15,120.4783935546875,125.66333967517565,120.18211544014527,125.0115217952971,1982200.0
2023-11-16,120.4407730102539,122.57895427666764,120.28239340847244,121.75733790750041,1474500.0
2023-11-17,120.4605712890625,122.2720771035504,120.37147662968265,120.96541333372694,1487900.0
2023-11-20,121.04460906982422,121.60885008158974,120.25269596772819,121.21288975438418,1041600.0
2023-11-21,121.27228546142578,121.93551464913419,120.61894980620384,121.65834469321514,984700.0
2023-11-22,122.00480651855469,122.58884212951617,120.74268631996874,121.65834407541527,1376700.0
2023-11-24,122.60865020751953,123.04420732977846,121.80683600728396,121.8266306254252,532500.0
2023-11-27,123.83612060546875,124.11329057369673,122.12360292221082,122.67794285866677,1073200.0
2023-11-28,123.19268798828125,125.22198001337674,122.50966414196454,123.71733978208455,2003000.0
2023-11-29,119.3617935180664,122.68784836118444,118.55007820232424,122.3017890983507,2078800.0
2023-11-30,119.817138671875,120.62885394288047,119.29744121522116,119.3716804723224,2650000.0
2023-12-01,118.66885375976562,119.71814975175721,118.44118167116015,119.4013830028559,1454900.0
2023-12-04,117.71855163574219,118.34219159092258,116.85734606306816,117.79774520978334,1946900.0
2023-12-05,117.11471557617188,117.73835554054297,114.71421980215294,117.50572913356565,1805900.0
2023-12-06,111.49210357666016,118.4609798120712,111.08624970770717,118.13431196846243,2629800.0
2023-12-07,109.41332244873047,112.29392656096897,108.34423179559151,112.11574478544581,3497000.0
2023-12-08,110.0864486694336,110.4824089950237,108.54221170717874,108.87877307492555,2627300.0
2023-12-11,114.9765396118164,115.12502567428284,109.55190065560444,110.42301486083963,2582900.0
2023-12-12,113.33330535888672,115.22401225305582,112.69977188338754,114.9864390878223,1846200.0
2023-12-13,115.25371551513672,115.57048227366572,112.38301251779032,113.43230098935852,1731100.0
2023-12-14,114.43209838867188,116.61976998046575,114.20442629463966,115.46159223521873,2456400.0
2023-12-15,117.55027770996094,119.64886222875334,114.44200149722593,114.50139290501217,6046800.0
2023-12-18,118.15411376953125,120.3120896639534,117.70866311314161,118.36199124600077,2019800.0
2023-12-19,119.5894546508789,119.82703536953413,118.05016450738123,118.55996086031735,1012700.0
2023-12-20,115.82784271240234,118.91136955649296,115.8179416283844,118.61935177263494,1324300.0
2023-12-21,117.11471557617188,117.23350593898422,115.629870026435,116.30300031107498,904600.0
2023-12-22,114.16482543945312,116.78805406004598,112.86805520415439,113.83815760940966,1188400.0
2023-12-26,116.38218688964844,116.64945574951487,114.4221875588079,114.4221875588079,740700.0
2023-12-27,116.23371124267578,116.5702801710616,115.69916592275611,116.09512625813905,541300.0
2023-12-28,115.92684173583984,117.57996796264777,115.76845458599921,117.51067547267124,559700.0
2023-12-29,115.70906829833984,116.08522646737492,114.75876801421283,115.55068869380968,849900.0
2024-01-02,114.08563232421875,116.04563176005254,113.80846236512032,115.22401541535724,1362800.0
2024-01-03,114.6795654296875,115.9822717488699,114.33310299169078,114.33310299169078,1372400.0
2024-01-04,114.19451904296875,115.92584944760081,113.83815551716462,115.03592998632831,1348900.0
2024-01-05,115.06562805175781,116.47326627329412,113.94704713253167,113.94704713253167,1729900.0
2024-01-08,115.84764862060547,115.97634006844038,113.8678545536316,115.01613873758765,1351700.0
2024-01-09,115.3131103515625,115.74866748961114,114.00644648973204,115.26362002825772,1514000.0
2024-01-10,114.6795654296875,115.25370749969048,113.80350447393421,114.8478461063838,1090500.0
2024-01-11,111.76927947998047,114.125231738869,110.35372639715575,113.83816068824692,1609300.0
2024-01-12,111.76927947998047,113.26401858700272,111.60099124181225,112.78887223255695,1556900.0
2024-01-16,110.68038177490234,111.69502771606412,110.1755397397335,111.23472923358992,1417000.0
2024-01-17,110.7892837524414,110.86847733452181,108.33434312647377,110.10625987586587,1484500.0
2024-01-18,110.28443145751953,110.76947888634032,109.13614728052258,110.24483467014223,1614900.0
2024-01-19,113.29370880126953,113.45209594662134,110.32401779675588,110.32401779675588,1684200.0
2024-01-22,116.02584075927734,116.1891746906795,113.17493976685087,113.3036236738727,1876700.0
2024-01-23,117.4908676147461,119.34197001793427,115.97632653856881,116.54056747973905,1929400.0
2024-01-24,114.50138854980469,118.31249063487282,114.17472071477498,117.93633247934211,1514600.0
2024-01-25,119.33208465576172,119.37167388915572,115.85754412105328,116.70885613300251,1425800.0
2024-01-26,120.04480743408203,121.17329697694325,118.85693403950108,118.85693403950108,1558800.0
2024-01-29,119.78743743896484,120.51203672222948,118.79258612584589,119.86662345877879,1801500.0
2024-01-30,120.64865112304688,121.07430716153601,119.48057228851728,120.10421227067302,1285500.0
2024-01-31,120.76744079589844,122.92541667942595,120.1388540508781,121.5395592909772,1666100.0
2024-02-01,126.34056091308594,126.40985340621572,120.76744310188963,120.76744310188963,1937400.0
2024-02-02,128.3995361328125,131.72559038803124,125.15266789143107,125.72680991755773,3781700.0
2024-02-05,125.74661254882812,127.12256875108635,124.57853380673322,126.60782564291733,1878000.0
2024-02-06,129.68638610839844,130.16648670418604,125.90498784337917,126.46922876853077,2656900.0
2024-02-07,131.16134643554688,132.44821549697235,129.48841816615666,130.62680872629906,2087600.0
2024-02-08,129.39935302734375,132.6165186746178,128.85490658918647,131.21086657359535,1228700.0
2024-02-09,130.83468627929688,131.17124763830643,128.68661157555283,128.70641374509154,1245300.0
2024-02-12,127.21165466308594,130.85448338101162,126.66721585889445,130.4882263341935,1206900.0
2024-02-13,126.61772918701172,127.50863044721376,125.44965042222627,126.61772918701172,1503700.0
2024-02-14,127.37004089355469,128.1273114688999,126.39994609547855,127.0037838493546,1372300.0
2024-02-15,130.1714630126953,130.29024582606928,127.52843968271182,128.60742384987307,1348900.0
2024-02-16,129.83489990234375,131.31974546818586,129.1716706954899,129.93388054395513,1295700.0
2024-02-20,130.4684295654297,130.72579735159889,128.08277413476276,129.67650893270098,2121200.0
2024-02-21,130.0724639892578,131.24153214261221,128.82519916635235,130.95347174373083,983400.0
2024-02-22,132.0423583984375,132.70558756670331,130.3199322046081,131.06235494433346,1529900.0
2024-02-23,132.63629150390625,132.79466352890867,130.02296428351585,132.1413430522821,2052200.0
2024-02-26,131.87408447265625,133.8340763765477,131.58700587334397,133.3193256880302,1494700.0
2024-02-27,154.18637084960938,155.08718085903925,133.63611195931148,133.63611195931148,4888300.0
2024-02-28,169.1041259765625,169.2526045019675,154.91889850533897,156.8788905638414,8227500.0
2024-02-29,166.74815368652344,169.57530241743152,161.71947490113408,169.45056838160417,4536900.0
2024-03-01,168.27261352539062,168.58937274309304,163.38251943294313,165.35240499566672,4557600.0
2024-03-04,174.2119903564453,175.24643097948328,167.9063357649794,171.212603450128,3818200.0
2024-03-05,174.98410034179688,183.7050906656293,173.64773332380716,175.59783166031934,4323800.0
2024-03-06,178.16168212890625,178.9832985635162,173.2418921595608,174.98412078413384,2073600.0
2024-03-07,178.11505126953125,180.56490308808304,174.77254738849987,180.26734735581877,1967800.0
2024-03-08,169.1785430908203,178.36299705357197,167.08575529782047,178.11503648631756,3196900.0
2024-03-11,166.54025268554688,169.5653748810868,165.0425610505036,168.92066827274797,2601700.0
2024-03-12,166.99649047851562,167.68086411680105,162.86050972356568,165.2111863682391,2617000.0
2024-03-13,166.4906768798828,169.9125303593171,165.08226239485796,169.84310925656933,1639000.0
2024-03-14,163.2969512939453,167.0163607304276,161.93813188946484,166.48077243067308,3012300.0
2024-03-15,164.1697540283203,167.0163367995216,161.34299720789883,162.84067374470771,4532000.0
2024-03-18,167.46266174316406,169.68439409533647,164.8342855222815,166.32204907394637,2006800.0
2024-03-19,171.00355529785156,172.5904940895731,166.88740017345864,167.62136901275522,1922200.0
2024-03-20,174.27664184570312,175.32799241093977,171.24259013029717,171.50939296202625,1969200.0
2024-03-21,172.7095184326172,176.35949112570628,170.96386615825836,176.01235537337442,2212100.0
2024-03-22,176.7860107421875,176.9149399744628,172.7938356421432,173.5724356284838,1608400.0
2024-03-25,185.732421875,187.50782843260913,178.0753965323724,178.531650743371,3570600.0
2024-03-26,183.8975067138672,197.20803017338454,182.97508539347677,188.35086949345012,4228700.0
2024-03-27,183.38174438476562,188.56907600252256,180.85254318750495,186.54572412530257,2452100.0
2024-03-28,183.3420867919922,185.30593064668457,181.83944605401356,183.52061117227555,2050800.0
2024-04-01,184.46282958984375,187.26974515868568,181.9038745998644,184.5124247324788,1977500.0
2024-04-02,186.59532165527344,186.8333541530944,182.61802381528415,183.1784172110951,1875500.0
2024-04-03,188.70794677734375,191.63389423151003,185.34560134022126,186.94246835515645,2555800.0
2024-04-04,181.6162567138672,193.90518305505273,181.46748641230738,191.86199019729273,3747800.0
2024-04-05,191.5049285888672,193.26049383946324,179.94004280327445,180.83271002606006,4331400.0
2024-04-08,190.4138946533203,196.02772612034386,186.5754695103235,193.27536958722519,1663500.0
2024-04-09,186.5655517578125,193.2505594989948,183.54042956881554,191.02884232489592,1958600.0
2024-04-10,189.52125549316406,192.2488222066447,181.01124553098677,182.00308797225244,3861900.0
2024-04-11,191.30657958984375,192.69515298782662,188.45006844620468,190.00726838152082,2267300.0
2024-04-12,190.10643005371094,191.67354285409493,188.7972059620152,190.39407282350723,1801900.0
2024-04-15,183.8875732421875,194.40110864077107,183.27263580273282,192.50668604167925,2531500.0
2024-04-16,185.12738037109375,186.7391242925528,181.61626488744426,183.52060050468125,2982700.0
2024-04-17,183.8875732421875,187.49787894014355,181.14018071575603,186.38702030517672,3282900.0
2024-04-18,182.36013793945312,186.7321838088006,181.5964150803549,184.6116243469095,1654200.0
2024-04-19,179.42428588867188,184.44302119535163,176.2007980566498,181.8047167529074,3442500.0
2024-04-22,181.72535705566406,182.35022258078763,176.75623231744854,180.11857728741862,2327500.0
2024-04-23,186.71432495117188,188.20208849659954,182.46924084563003,182.46924084563003,2387300.0
2024-04-24,184.64137268066406,192.7843897742477,182.14887240898582,185.20671494166362,2266400.0
2024-04-25,186.4762725830078,188.97473578288646,183.89252752923895,184.08594404968557,2908900.0
2024-04-26,186.83335876464844,187.83512933208632,184.11572011868392,185.39022617373053,1826600.0
2024-04-29,187.07138061523438,188.86661279327697,184.62152887363544,186.8928411277587,2205500.0
2024-04-30,184.4231719970703,187.85493810898777,184.1950524904467,187.0713892987692,2173200.0
2024-05-01,183.05442810058594,186.6696978304617,182.4196495797441,184.73064415223604,2717000.0
2024-05-02,184.6612091064453,185.6530514975234,182.10226905566006,183.49084234944382,3071000.0
2024-05-03,193.27041625976562,195.66076014514223,186.46637659358458,187.78552883985907,3480200.0
2024-05-06,196.0872344970703,197.28737042983525,192.53643697869836,196.1368296426796,2708000.0
2024-05-07,198.9239044189453,203.407036194042,195.7400988686434,197.0790769950486,2797300.0
2024-05-08,206.30322265625,206.57102434634447,196.49390176128452,196.92038673595883,3992100.0
2024-05-09,214.14869689941406,214.18836393644244,201.3440078423291,203.75417761754733,4313500.0
2024-05-10,213.1766815185547,218.7210920821749,210.13173319538686,218.7210920821749,2744700.0
2024-05-13,211.8476104736328,216.89113563887972,210.8557680928759,215.22979662424916,1919300.0
2024-05-14,215.96376037597656,216.1323717606383,209.05061793327806,212.819621918738,1951000.0
2024-05-15,221.4883270263672,222.88682846220064,217.96728343016176,218.34418839042405,2682200.0
2024-05-16,214.57518005371094,222.96617337261816,214.4760048948216,221.90489474573664,3539800.0
2024-05-17,211.3715362548828,215.935999982295,208.19764357493492,214.59502408211245,3057300.0
2024-05-20,213.3155517578125,213.48416314931964,209.42751624026766,212.20467798095086,2326200.0
2024-05-21,220.77420043945312,220.85354964910033,213.74204132013514,214.16852629588544,1881100.0
2024-05-22,218.31443786621094,222.5743992868171,216.08279239877697,220.2882097502057,1573700.0
2024-05-23,219.35586547851562,226.18965890516003,218.93929349297184,221.9544876839945,2658300.0
2024-05-24,228.7486114501953,234.37235589199256,219.83194306380807,221.4883180114855,2672000.0
2024-05-28,229.38339233398438,232.8647536526928,220.01048483414345,230.84140184888338,2602200.0
2024-05-29,219.27398681640625,227.35992536145446,217.43626730993864,225.27386620046147,3809400.0
2024-05-30,223.4659423828125,223.79373736033847,218.53887738699214,220.8534045891209,2037800.0
2024-05-31,215.80715942382812,222.98913797667794,206.61859222166282,222.57192917666276,5618300.0
2024-06-03,206.87684631347656,215.7574741819854,202.69481530317296,214.06876767727388,4922600.0
2024-06-04,201.79086303710938,207.11526567712136,195.53270089882884,205.61529966535002,4666700.0
2024-06-05,207.9397735595703,211.43640034475033,203.0921783681242,203.13192120335435,4502200.0
2024-06-06,201.2544708251953,208.4165782843853,194.90690958632769,208.10863952460062,4842100.0
2024-06-07,196.6850128173828,202.64516472093987,196.20820490918427,200.73791793069563,4558700.0
2024-06-10,213.20455932617188,213.34362892267225,196.81612819364113,198.20483853279848,5719100.0
2024-06-11,216.86012268066406,218.10182098299708,209.0523231492961,209.75761445429922,3701900.0
2024-06-12,216.68130493164062,220.29712944016308,210.74100990107272,219.8004501661493,3137900.0
2024-06-13,218.46934509277344,218.89649716379068,212.6979341716273,218.8468262033307,2238200.0
2024-06-14,213.4727783203125,217.416413567351,209.55895777909438,217.3468863403058,2373800.0
2024-06-17,210.6118927001953,213.2939578643073,207.32387818929757,212.44959699900852,3321100.0
2024-06-18,218.9461669921875,219.73091359658164,207.72618371472484,211.3767643492004,2714700.0
2024-06-20,220.83355712890625,226.2573019798467,217.83360978800332,222.33353837808272,3075100.0
2024-06-21,216.68130493164062,223.08846453492882,214.30717860815264,221.51895621015143,5511600.0
2024-06-24,214.664794921875,219.38324817074013,213.9207612220297,216.55217015844144,2474100.0
2024-06-25,220.89315795898438,220.9825717570691,212.75754819733186,215.0621475389138,2221900.0
2024-06-26,208.91323852539062,220.72427132170037,206.07223240761596,219.10510715893798,4237000.0
2024-06-27,203.41998291015625,206.53912846141975,199.92335622192488,206.2113182883871,4733600.0
2024-06-28,198.93994140625,205.92325151462074,198.11545190650216,203.88686324728693,10579100.0
2024-07-01,203.6881866455078,212.17146253201503,201.79086805671884,206.80733208431113,4168400.0
2024-07-02,204.78086853027344,210.3933536929064,201.75113693802078,202.10874663892739,1905300.0
2024-07-03,208.6748504638672,211.0191622321538,200.66836733556246,203.94645377982602,1612700.0
2024-07-05,209.88674926757812,211.346987742833,206.68814825613242,208.60532323697214,1601600.0
2024-07-08,214.29727172851562,214.99261979877676,209.84702892139322,210.4231787960242,1634400.0
2024-07-09,214.52574157714844,220.8931590293304,213.63170969411988,215.59855558486242,1773200.0
2024-07-10,218.09188842773438,218.49916910042305,212.32047726079614,216.73097680892707,2584300.0
2024-07-11,215.3998565673828,219.07826605545708,213.76082108203823,218.10179293842756,2438200.0
2024-07-12,215.69789123535156,219.67132573552013,210.89699639735838,214.82373079493058,1760700.0
2024-07-15,211.46617126464844,218.1911976804126,210.23241559017833,215.55880360717535,2164300.0
2024-07-16,203.5193328857422,213.5820460899905,202.70477148585408,212.71782888165373,4049600.0
2024-07-17,185.4302520751953,201.71139927692286,184.5362353787351,200.7875830344106,6748700.0
2024-07-18,186.03619384765625,191.55926513313827,176.8873698042978,189.10566822533292,5484900.0
2024-07-19,188.04278564453125,188.67853454099264,185.16203661568332,186.7712878516085,2827000.0
2024-07-22,189.1553497314453,195.51285409911225,187.35737302468627,190.96326972533666,1868800.0
2024-07-23,188.6090087890625,190.88579429334885,187.04944353450702,188.41034008342783,1856600.0
2024-07-24,173.917236328125,187.03949576242795,173.53975518625413,187.03949576242795,4910100.0
2024-07-25,169.29811096191406,175.66554367851643,164.7683978489793,175.5264740709246,5542000.0
2024-07-26,173.87750244140625,175.89403457350238,170.30142016934087,175.36754051079626,3469300.0
2024-07-29,171.5331573486328,175.97347154403056,169.99147800456223,174.88078616845954,2100100.0
2024-07-30,167.5696563720703,173.8675459468217,164.64917980730996,172.31790903265056,3517100.0
2024-07-31,188.5394744873047,195.19497439972383,181.78463264707105,191.99635833945803,7483700.0
2024-08-01,176.39068603515625,192.97977088610725,175.44698328115427,187.0414765920763,4482100.0
2024-08-02,165.97035217285156,174.16556039897168,160.36582480239252,173.3112714200115,6099200.0
2024-08-05,168.84115600585938,171.6126197247281,154.5665983194471,155.20234719286728,5430800.0
2024-08-06,179.837646484375,182.60912565470966,167.2716654042171,172.48679840828626,6322100.0
2024-08-07,178.46681213378906,188.82753519670428,175.72513265984443,188.82753519670428,6154900.0
2024-08-08,185.78787231445312,186.38389358417146,175.24833613566946,182.03297772459905,3338800.0
2024-08-09,188.6090087890625,188.83749220012052,181.8541818527792,185.83754472544956,3204000.0
2024-08-12,186.4324951171875,189.91572645510544,182.81988175587102,189.08970120126003,2232300.0
2024-08-13,188.50253295898438,189.9356362926205,186.17374763466748,188.43286104258203,2349000.0
2024-08-14,185.2581329345703,188.98021973310068,181.3370225764164,188.0546827338684,2327900.0
2024-08-15,189.47781372070312,191.65732354774724,184.6012963945461,185.5069249135076,4241900.0
2024-08-16,189.0697784423828,190.4431715538184,184.93966767182127,190.30384291828742,2572300.0
2024-08-19,191.8563690185547,191.95589598204518,184.67095960219984,188.70155865264329,2025100.0
2024-08-20,189.80624389648438,192.57292344219462,188.73042938560948,192.0753189888556,2507000.0
2024-08-21,195.79739379882812,196.38456337331434,190.06498112791172,190.56258555083534,2404200.0
2024-08-22,194.01596069335938,197.85547810624732,193.77712029013713,194.63300050160765,1520300.0
2024-08-23,194.05580139160156,196.38458672321025,191.59763403523118,194.07569463719284,2683300.0
2024-08-26,193.95626831054688,197.04142207657304,192.15494257184562,194.56334636699654,1953400.0
2024-08-27,195.2002716064453,197.34992645923776,192.64259264876526,193.95626049057225,1703200.0
2024-08-28,192.84164428710938,196.5040059680449,191.4881594950933,196.24525710548434,2493200.0
2024-08-29,193.5084228515625,198.15604663805476,191.38862301426624,194.9713811638257,2463800.0
2024-08-30,195.75758361816406,196.86226608216168,194.21500681734832,194.32448040155285,2239400.0
2024-09-03,176.92823791503906,194.86190663502825,176.33110649776935,194.56334092639338,4252300.0
2024-09-04,176.6694793701172,181.87441740557443,175.15675766556006,176.82870124505854,3310400.0
2024-09-05,175.2264404296875,178.88880193681837,174.2710331924413,177.1173312882653,2444900.0
2024-09-06,172.28060913085938,175.79369524826586,171.11621656822751,174.96767005890842,3390300.0
2024-09-09,174.08193969726562,175.50509632680118,170.22052428962027,175.50509632680118,2184400.0
2024-09-10,179.38641357421875,180.3368399455348,173.02702897920915,176.00270921214073,2301800.0
2024-09-11,186.3528594970703,187.24854139901836,178.28669591876087,180.6602635889007,2846900.0
2024-09-12,189.02000427246094,190.76161971095289,183.30751535304344,186.1040497131415,2154600.0
2024-09-13,195.04103088378906,196.8622649455774,188.2736075031313,190.5327358992096,2613600.0
2024-09-16,198.29537963867188,198.57403692468964,191.76681147651323,194.06574167900132,2264000.0
2024-09-17,200.26588439941406,203.71926052665935,197.30016610416484,199.04178169398722,2881700.0
2024-09-18,199.3701934814453,203.97104515156437,197.46934090727046,200.99238878864693,1796000.0
2024-09-19,207.5010528564453,207.64038149314226,201.49994448509193,204.127295338293,3432600.0
2024-09-20,253.7583465576172,254.01711057565544,231.88366043861748,234.03331518424298,15031400.0
2024-09-23,255.88809204101562,270.547529185594,250.9021012202476,258.31640403994163,10270000.0
2024-09-24,252.27549743652344,258.1969870705756,249.88499775525733,252.8626670148171,4562700.0
2024-09-25,261.6006164550781,265.81036135084537,252.02672616562748,253.22097389787365,6246200.0
2024-09-26,255.53977966308594,268.8258246222248,253.28066638189773,262.5659521043244,4072200.0
2024-09-27,255.76869201660156,261.14281410143207,254.11664156757243,255.94782233277718,2598100.0
2024-09-30,258.7742004394531,259.86893627493845,250.07110369723253,256.5150872295514,2899300.0
2024-10-01,264.3374328613281,264.72557892748534,252.7432699314156,257.85864329273744,3179800.0
2024-10-02,264.1085510253906,268.427754142302,260.3964107782649,263.64080161286466,3233600.0
2024-10-03,276.04107666015625,278.17083819897596,266.71597450065246,270.8460851956994,4274200.0
2024-10-04,284.15203857421875,284.6297497872737,274.27958314200964,276.57851330673606,3829200.0
2024-10-07,277.2253723144531,287.36952922740517,272.6872224292808,283.63451968009133,3477000.0
2024-10-08,278.05145263671875,280.0518020421631,271.7915796229547,277.5538481446853,2599100.0
2024-10-09,261.0234069824219,274.7274235417771,256.26630932895654,274.7274235417771,5235800.0
2024-10-10,261.05322265625,266.47712286365095,257.7889389476096,259.80921163357664,2733500.0
2024-10-11,264.9445495605469,265.6212844127865,247.85681231327928,255.16165814505166,4477700.0
2024-10-14,270.4380798339844,271.5129225456269,263.9393663775359,266.2880753749773,2229300.0
2024-10-15,264.8748474121094,268.507353887997,261.0831038648015,268.507353887997,3000900.0
2024-10-16,278.45947265625,278.8973670563459,262.8546024552455,266.9349655263016,2469300.0
2024-10-17,269.9006652832031,283.63453592690723,269.24382376596645,283.63453592690723,3209900.0
2024-10-18,268.8656311035156,271.2740195532458,263.7303497061825,266.49702914107576,1708800.0
2024-10-21,272.4085693359375,272.80664680414765,266.7259352709753,271.77162108971004,1650900.0
2024-10-22,264.7255554199219,270.1245513095457,264.5762801659504,269.07461325668805,2134100.0
2024-10-23,264.7752990722656,266.6423178975997,261.35177824150566,263.7303419414205,2633700.0
2024-10-24,263.2327880859375,266.51696573203475,261.31204194971315,266.5070342942791,1553700.0
2024-10-25,263.1431884765625,268.4476385417558,261.8295054415166,267.7111936757598,2016200.0
2024-10-28,265.7008972167969,269.8907184051202,263.74033436444984,265.6113320555872,1542500.0
2024-10-29,263.7303466796875,265.9496733609095,260.4461696054295,265.00421279973864,1829700.0
2024-10-30,260.5257873535156,266.7159879911499,260.1774581605973,265.60135887090394,1831000.0
2024-10-31,261.70013427734375,262.9242522068565,258.1074445833127,260.48597815606524,2290900.0
2024-11-01,256.8634338378906,263.5014604687604,255.58956760781143,261.47125609578103,2804500.0
2024-11-04,224.86744689941406,234.36970556408298,223.60352735014735,231.38606820202705,10719400.0
2024-11-05,232.6300811767578,235.72518147385236,225.91242107860543,229.24637697936896,6347400.0
2024-11-06,233.86415100097656,240.84056010579013,232.64003308823467,237.6758030100568,4790100.0
2024-11-07,240.43251037597656,247.16013214323772,237.25481521605295,241.35806253363123,4154900.0
2024-11-08,238.22314453125,246.81180201731942,235.69532066003092,242.08455984158448,5162100.0
2024-11-11,236.1332244873047,242.74141110271415,233.1674909746892,240.8306118003204,3382100.0
2024-11-12,227.60426330566406,234.8493825935449,224.60869010310938,234.31197649070145,4460000.0
2024-11-13,224.87741088867188,231.65478110301237,224.5290816975974,229.89325708891135,2979500.0
2024-11-14,224.30020141601562,230.4306770999765,224.04143736624934,227.10668280107163,2513200.0
2024-11-15,223.5555877685547,227.014381092409,220.94405507923105,224.12375400313496,2717400.0
2024-11-18,229.5362091064453,231.29051894355138,220.46559544082513,225.26007222434126,3293200.0
2024-11-19,233.82232666015625,234.13132295073333,225.36972065962686,225.57404514119864,2197500.0
2024-11-20,234.65960693359375,240.70003109542577,231.39020233636782,237.37082272780611,2567600.0
2024-11-21,251.0265655517578,251.3754411527954,233.35383683729253,236.54349795297802,3586400.0
2024-11-22,249.08287048339844,252.4120788441885,244.23856736789097,250.39861426737772,2471600.0
2024-11-25,248.12596130371094,254.78439314820332,242.21512220639656,252.68120773383345,3459600.0
2024-11-26,265.8684997558594,266.2672017121055,248.3951059080109,248.74398152685478,3881600.0
2024-11-27,252.57156372070312,265.1408347272432,250.03977447225634,264.14406467187763,2298200.0
2024-11-29,255.73130798339844,259.9466521941233,254.37570017916934,257.146734763427,1185700.0
2024-12-02,248.7738800048828,257.60526357933605,248.70409879826818,256.16991222130684,1908400.0
2024-12-03,246.71055603027344,253.35901061191643,245.78356716017456,250.65876084111596,1784600.0
2024-12-04,253.3789520263672,256.8277832053163,250.18929080304991,251.86385724172732,2701200.0
2024-12-05,255.26284790039062,258.9210075036267,252.28251507468394,252.9005076615119,2118200.0
2024-12-06,252.81080627441406,257.73485302032856,249.61116754927977,255.62170526747641,1329700.0
2024-12-09,239.07530212402344,253.17959222103963,235.5666672959999,252.9702638187539,3262400.0
2024-12-10,231.5895538330078,238.72643116659924,229.96482896544327,237.11166852428823,2771500.0
2024-12-11,235.8358154296875,238.67460868823662,231.37027436105203,234.01172429303816,2386700.0
2024-12-12,238.24798583984375,247.32856176495295,238.14830274927226,242.17526234009466,2822000.0
2024-12-13,238.29783630371094,242.6337771347726,235.73612983329005,241.20840318518012,2004800.0
2024-12-16,238.52708435058594,242.91286664019916,236.48171018962216,239.27466191423622,1974400.0
2024-12-17,233.48342895507812,237.31102241102093,228.1208010590043,236.8923808026682,2506500.0
2024-12-18,225.0308074951172,236.22454642992184,224.04401485127283,233.56317214489522,3173700.0
2024-12-19,224.44271850585938,233.03487178267912,224.25332975594264,228.1208025578079,3626800.0
2024-12-20,226.2867431640625,230.95161974191336,218.9305752579856,221.10354189661575,4985400.0
2024-12-23,227.54266357421875,228.619177042842,220.9839148841552,226.26679913944386,1935200.0
2024-12-24,229.0477752685547,229.36674897421418,226.4222955792238,228.50453743501282,978400.0
2024-12-26,227.90150451660156,229.48636525203054,226.58477212712447,227.83173852177023,920500.0
2024-12-27,225.80828857421875,227.44299090676245,222.02057441529138,227.44299090676245,1466000.0
2024-12-30,225.58901977539062,228.26035638359699,221.53215810591453,222.79806041089543,1587100.0
2024-12-31,222.98744201660156,226.2967107840576,222.16012102236147,225.61891442800803,1885700.0
2025-01-02,241.81642150878906,242.9327991037263,224.41081720538025,225.64880999444713,4552500.0
2025-01-03,251.5847625732422,253.358023484374,243.5607755820137,249.69090550154323,4576600.0
2025-01-06,263.4263916015625,266.9549661495223,250.69763361091262,257.04706926839253,4116000.0
2025-01-07,254.80433654785156,264.6225277705492,248.75393495357397,262.6489120912784,3112400.0
2025-01-08,243.0524139404297,255.16317960208684,227.3134209862972,254.68471901031702,8414200.0
2025-01-10,304.2042541503906,308.99871565985023,279.2251991179892,281.5775618360823,14707200.0
2025-01-13,278.33807373046875,299.4895365255051,277.95929622441946,296.534116821423,6920600.0
2025-01-14,287.93695068359375,293.44908767500675,280.4910774207116,282.97801375247553,4852400.0
2025-01-15,299.79852294921875,304.1225241664098,292.073554908106,296.1304163928395,4140700.0
2025-01-16,314.2217712402344,319.47476871161746,301.4930290409626,301.4930290409626,5269100.0
2025-01-17,315.3381652832031,319.12590980708404,310.03537162018347,319.12590980708404,2820000.0
2025-01-21,322.5946960449219,329.2730375935203,317.3018187253993,324.94705892558966,4032300.0
2025-01-22,331.3961486816406,335.3612968839472,317.9696545291208,327.9373552980588,4576600.0
2025-01-23,345.1017150878906,350.8630445457741,331.92441430040554,332.0539992691255,4853500.0
2025-01-24,346.31781005859375,348.869539111143,340.8455518791906,346.62680635971424,3226600.0
2025-01-27,274.11175537109375,301.6923951958865,269.5664865155518,291.51535139478744,16083200.0
2025-01-28,277.89947509765625,283.4514915232808,258.2531461185714,280.6405927087734,9989300.0
2025-01-29,290.9472351074219,293.23979413843585,275.1683476057698,278.1287559790059,6638500.0
2025-01-30,307.5533752441406,309.6864776723944,297.8249206053296,300.02777381602573,6023100.0
2025-01-31,299.0110778808594,310.99224242337925,296.98264726477225,310.99224242337925,4719900.0
2025-02-03,305.32061767578125,307.65305583626656,283.10260575590536,284.47815322929563,3723500.0
2025-02-04,305.3405456542969,306.0981006006318,292.5519997318143,297.26372137723683,2996300.0
2025-02-05,312.81634521484375,317.34168995891457,301.87182905091805,309.527016072256,3578600.0
2025-02-06,310.79290771484375,315.5574676175128,304.8820682710093,314.30654668310353,2480100.0
2025-02-07,308.7894287109375,318.57768832047077,308.3059793774644,313.46428307869786,2298000.0
2025-02-10,320.7904968261719,320.9599611216868,311.56541542105435,311.62023047410014,2729800.0
2025-02-11,312.567138671875,318.12913258155544,308.44052648570005,316.2851019065681,2642900.0
2025-02-12,312.78643798828125,316.40471823475497,302.8087902026514,304.44347731101175,1766400.0
2025-02-13,310.4839172363281,316.71175329664374,304.1045945050458,315.33818288951477,2707200.0
2025-02-14,316.2751159667969,317.1622558879316,305.23091750202934,310.1798770133851,2193000.0
2025-02-18,324.54833984375,328.5055182258267,314.7949410895344,322.79401479204597,3253000.0
2025-02-19,320.6260681152344,328.8225007544854,317.1024821023131,322.7641290647764,3079100.0
2025-02-20,308.42059326171875,320.9599467407037,303.19749766710055,316.4645042122097,3860000.0
2025-02-21,283.5212707519531,309.4572160718376,276.8728012443866,308.9987103737663,6478000.0
2025-02-24,266.85528564453125,289.0732991293384,261.80165406468933,289.0732991293384,7221400.0
2025-02-25,263.456298828125,267.18420921329056,247.7571699836964,263.9247819850048,5094600.0
2025-02-26,269.2674560546875,279.0457670906994,267.1841800350632,271.8690110922477,4724900.0
2025-02-27,248.93336486816406,279.69369009759026,247.98642112603062,275.4972965846274,5131000.0
2025-02-28,249.7357635498047,250.7265563171176,240.82962511591586,245.6240868762664,6029600.0
2025-03-03,231.5397186279297,248.9154217342678,228.49958200640626,248.5745311072131,5315000.0
2025-03-04,230.9017791748047,238.85601523405984,220.53537659601403,226.7651894942065,5525500.0
2025-03-05,228.57931518554688,232.78567080415263,222.69836276435606,229.90500596779353,3840200.0
2025-03-06,207.0191650390625,222.06042078363762,204.0487946789911,219.47879011763766,7710800.0
2025-03-07,212.25003051757812,215.84512522667595,202.82292206322413,207.81610069365337,4986200.0
2025-03-10,201.9341278076172,207.9558997464379,195.2931913846092,203.33221166616033,7689500.0
2025-03-11,208.29544067382812,211.3512635443466,199.65224972100938,203.71170636805041,5051000.0
2025-03-12,215.05621337890625,224.02395808560945,209.7135060579552,219.12065292971252,7320400.0
2025-03-13,209.5836639404297,216.47425923099146,203.4420606430324,216.47425923099146,3654300.0
2025-03-14,216.16468811035156,217.20326252299552,208.74481701168298,213.53827137012956,3829900.0
2025-03-17,218.24183654785156,221.76203649078658,214.06754668629443,216.61407073825416,3547600.0
2025-03-18,210.56234741210938,217.83739704298318,208.9645241667804,217.6226940205463,2716500.0
2025-03-19,217.7525177001953,220.06934460329734,210.8319643669453,210.8319643669453,3091900.0
2025-03-20,219.140625,222.12653605274798,213.70804424103102,216.76386710845813,2250500.0
2025-03-21,222.1764678955078,222.51601561685135,212.2600226361543,215.48061364944337,3733500.0
2025-03-24,228.30809020996094,230.83463732688622,226.29085705535374,227.9286190035342,2773600.0
2025-03-25,226.56048583984375,230.5570249809317,221.69713465399062,228.9971594876298,2849900.0
2025-03-26,216.6739959716797,225.79154508017447,213.70804662886746,223.69440394797343,4059000.0
2025-03-27,208.91458129882812,217.2531953256257,207.23688066992815,211.67082552912265,4178300.0
2025-03-28,205.1097869873047,215.1211038419099,203.61183342873204,209.61362853441,5572000.0
2025-03-31,201.35491943359375,203.2822790047311,195.28321259829585,198.7085257072806,4518500.0
2025-04-01,206.6576690673828,207.47654239731537,197.81973724652812,200.67583588716622,2863100.0
2025-04-02,214.16741943359375,215.04620848985303,201.99404778370666,202.5532813389548,3179100.0
2025-04-03,189.98046875,203.76862400711397,189.52108960468254,200.19650810823163,5557500.0
2025-04-04,170.7267608642578,182.74034675647067,164.85477824794472,179.82433242834793,9358600.0
2025-04-07,179.54470825195312,189.53106538842684,161.12987849219186,161.30962560642197,7458400.0
2025-04-08,184.68768310546875,193.03627790975028,181.7417109288345,188.68222578238868,6895700.0
2025-04-09,215.15606689453125,217.60272140719772,182.36087288675986,185.87607495425667,7984300.0
2025-04-10,204.21102905273438,211.18650034353814,199.27776603261913,208.71487077860266,4048600.0
2025-04-11,207.96588134765625,208.2454981203465,197.72986557904412,204.21101665869355,2960700.0
2025-04-14,206.41799926757812,216.91367038578454,203.59185836523372,214.67672089824734,3427300.0
2025-04-15,208.13565063476562,211.71076826707758,206.06848266080868,206.31814158565194,1986000.0
2025-04-16,203.9114227294922,207.11703474148246,201.16517459882272,204.77025002714765,2433300.0
2025-04-17,206.3980255126953,208.53512060490692,203.32623322012248,208.06576059242687,1962800.0
2025-04-21,192.34722900390625,204.5904975959851,187.74950619156982,203.21239064726012,3290900.0
2025-04-22,200.60594177246094,202.14383402643693,195.58280548359124,197.28048310467344,2457800.0
2025-04-23,209.51377868652344,217.04348536750464,207.9858672424174,212.9590688989591,2976100.0
2025-04-24,217.77249145507812,219.88959423416924,209.28408812038174,209.28408812038174,2336500.0
2025-04-25,222.68577575683594,223.63947465974096,216.20462470831654,217.8124287625485,2710400.0
2025-04-28,224.51329040527344,225.18237451066844,219.3902842736422,222.03666284259043,2396300.0
2025-04-29,226.14105224609375,227.04981439434076,220.19917285165917,224.0039724478913,2038900.0
2025-04-30,223.13516235351562,223.56956644320255,216.45428710916428,219.2504701055736,2185200.0
2025-05-01,240.2867431640625,243.64714266425003,229.99579397823516,231.88321491023348,4557800.0
2025-05-02,246.9226531982422,250.2980466789049,241.23343473985946,243.9467231330855,3316000.0
2025-05-05,247.93128967285156,249.65892516838474,241.13058298934018,242.93811116948385,3117800.0
2025-05-06,273.4464416503906,279.50816781795334,255.77057711997185,258.47687140261223,7195600.0
2025-05-07,267.75421142578125,278.1400170922666,264.2989402767964,276.9815959694281,5165600.0
2025-05-08,270.2208251953125,273.60621478148585,264.7083672089468,271.37924624208824,2862300.0
2025-05-09,270.999755859375,274.5748886108831,265.6970029099512,271.69881301608876,3245900.0
2025-05-12,284.89080810546875,291.5916455150233,283.06331807593375,285.96932131576165,4744900.0
2025-05-13,291.1222839355469,295.76596457082036,278.8091185023379,280.0873710479846,3651100.0
2025-05-14,287.7568664550781,291.6016199364146,282.54398696183466,291.1222638364127,3129300.0
2025-05-15,284.0119934082031,288.32610704400014,282.89352627505804,284.2216983766819,2187300.0
2025-05-16,291.1199951171875,291.1700134277344,284.20001220703125,286.5899963378906,2104900.0
2025-05-19,294.0199890136719,294.3699951171875,282.0,283.3500061035156,1972700.0
2025-05-20,292.3999938964844,293.0299987792969,289.6700134277344,292.55999755859375,1481300.0
2025-05-21,287.1099853515625,292.2070007324219,285.2099914550781,288.2699890136719,2040900.0
2025-05-22,291.4700012207031,295.20001220703125,282.7200012207031,285.19000244140625,2390800.0
2025-05-23,297.489990234375,302.6000061035156,293.1099853515625,298.6449890136719,5373300.0
2025-05-27,309.05999755859375,310.260009765625,296.2650146484375,303.8599853515625,3611500.0
2025-05-28,308.04998779296875,313.0849914550781,306.6600036621094,309.45001220703125,2512000.0
2025-05-29,303.3699951171875,314.5,300.1000061035156,313.8800048828125,2710600.0
2025-05-30,306.1499938964844,306.5,299.260009765625,301.44000244140625,3656100.0
2025-06-02,313.42999267578125,313.8999938964844,304.57000732421875,306.8900146484375,2097100.0
2025-06-03,313.0299987792969,342.0,309.5,342.0,10696100.0
2025-06-04,299.5400085449219,310.4100036621094,298.94000244140625,304.0,4966800.0
2025-06-05,289.8800048828125,302.0,289.3599853515625,299.2349853515625,4673800.0
2025-06-06,298.79998779296875,299.7699890136719,286.0,293.5799865722656,3735300.0
2025-06-09,299.6600036621094,308.82000732421875,297.010009765625,300.69500732421875,2997400.0
2025-06-10,291.0199890136719,300.5,287.7099914550781,300.0,3374300.0
2025-06-11,292.19000244140625,298.4700012207031,289.79998779296875,296.8299865722656,2751400.0
2025-06-12,300.3800048828125,301.32000732421875,289.0799865722656,290.1099853515625,2084000.0
2025-06-13,296.8900146484375,299.95001220703125,294.0899963378906,297.3599853515625,1525900.0
2025-06-16,308.010009765625,309.9599914550781,300.0,300.0,2592700.0
2025-06-17,305.70001220703125,313.5400085449219,302.70001220703125,307.82000732421875,2158100.0
2025-06-18,306.42999267578125,309.53900146484375,303.25,305.0,1451500.0
2025-06-20,304.9200134277344,308.20001220703125,302.69000244140625,307.5299987792969,4194800.0
2025-06-23,315.2099914550781,315.7900085449219,304.69000244140625,306.0,2314500.0
2025-06-24,320.6600036621094,324.30999755859375,316.8500061035156,317.94000244140625,2385000.0
2025-06-25,315.1400146484375,323.6400146484375,314.8550109863281,322.010009765625,2263900.0
2025-06-26,322.510009765625,323.6050109863281,314.7300109863281,317.0,2192400.0
2025-06-27,320.1700134277344,328.44000244140625,317.79998779296875,327.9049987792969,3689700.0
2025-06-30,322.760009765625,324.739990234375,318.2200012207031,324.0,1968000.0
2025-07-01,307.9200134277344,320.7250061035156,302.25,320.7250061035156,3553000.0
2025-07-02,306.6300048828125,310.32000732421875,303.010009765625,306.8800048828125,2106500.0
2025-07-03,311.8800048828125,313.94000244140625,306.447998046875,308.20001220703125,1465800.0
2025-07-07,318.25,320.4100036621094,309.0899963378906,310.0,2002100.0
2025-07-08,312.8399963378906,320.68499755859375,307.75,320.68499755859375,1793000.0
2025-07-09,317.1099853515625,319.7550048828125,310.25,313.2200012207031,1685700.0
2025-07-10,313.6199951171875,317.3599853515625,307.2349853515625,316.260009765625,1745800.0
2025-07-11,321.5400085449219,323.0,309.7449951171875,310.80999755859375,2015600.0
2025-07-14,325.989990234375,326.54998779296875,313.885009765625,322.0799865722656,2000100.0
2025-07-15,317.989990234375,327.989990234375,314.20001220703125,327.5799865722656,2742400.0
2025-07-16,308.20001220703125,322.0,301.3699951171875,318.6300048828125,2952800.0
2025-07-17,308.0799865722656,314.82000732421875,305.010009765625,311.82000732421875,1984900.0
2025-07-18,321.4200134277344,327.010009765625,310.9200134277344,311.7799987792969,3532900.0
2025-07-21,317.8800048828125,325.6400146484375,316.6499938964844,324.4200134277344,1937600.0
2025-07-22,317.7900085449219,318.74200439453125,311.3949890136719,318.0,1780100.0
2025-07-23,323.70001220703125,343.2300109863281,322.79998779296875,329.3900146484375,3821400.0
2025-07-24,321.6700134277344,326.9200134277344,320.89599609375,325.0799865722656,1818100.0
2025-07-25,327.3500061035156,328.2799987792969,321.0299987792969,322.5,1383900.0
2025-07-28,328.6600036621094,332.0,322.5,330.0849914550781,1701400.0
2025-07-29,330.5199890136719,339.239990234375,328.70001220703125,332.0,2696000.0
2025-07-30,345.2699890136719,348.135009765625,331.5,331.5,3026600.0
2025-07-31,347.8399963378906,354.010009765625,344.2749938964844,349.4800109863281,3581100.0
2025-08-01,340.7699890136719,343.3800048828125,327.010009765625,336.43499755859375,2871900.0
2025-08-04,354.8900146484375,357.0,344.57598876953125,345.1300048828125,2888600.0
